
DROP TABLE IF EXISTS "ChampionshipMembers";
DROP SEQUENCE IF EXISTS "Gamers_id_seq" cascade ;
CREATE SEQUENCE "Gamers_id_seq" START WITH 1 INCREMENT by 1 NO MINVALUE NO MAXVALUE CACHE 1;
DROP TYPE IF EXISTS "enum_Gamers_status" cascade;
CREATE TYPE "enum_Gamers_status" AS ENUM (
    'New',
    'Accepted',
    'Declined'
    );

CREATE TABLE "public"."ChampionshipMembers" (
                                                "id" integer DEFAULT nextval('"Gamers_id_seq"') NOT NULL,
                                                "userId" integer NOT NULL,
                                                "championshipId" integer,
                                                "status" "enum_Gamers_status" DEFAULT 'New' NOT NULL,
                                                "createdAt" timestamptz NOT NULL,
                                                "updatedAt" timestamptz NOT NULL,
                                                CONSTRAINT "ChampionshipMembers_userId_championshipId" UNIQUE ("userId", "championshipId")
) WITH (oids = false);

INSERT INTO "ChampionshipMembers" ("id", "userId", "championshipId", "status", "createdAt", "updatedAt") VALUES
                                                                                                             (4,	6,	1,	'Accepted',	'2020-09-15 01:01:22.950787+00',	'2020-09-15 01:01:22.950787+00'),
                                                                                                             (278,	244,	1,	'Accepted',	'2020-11-29 14:39:58.023+00',	'2020-11-29 14:39:58.023+00'),
                                                                                                             (349,	242,	1,	'New',	'2021-05-18 15:46:30.969+00',	'2021-05-18 15:46:30.969+00'),
                                                                                                             (404,	467,	3,	'New',	'2021-10-31 07:08:17.062+00',	'2021-10-31 07:08:17.062+00'),
                                                                                                             (426,	325,	3,	'New',	'2021-11-06 09:06:18.222+00',	'2021-11-06 09:06:18.222+00'),
                                                                                                             (427,	465,	3,	'New',	'2021-11-06 10:30:36.035+00',	'2021-11-06 10:30:36.035+00'),
                                                                                                             (430,	473,	3,	'New',	'2021-11-06 11:08:28.208+00',	'2021-11-06 11:08:28.208+00');

DROP TABLE IF EXISTS "ChampionshipOptions";
DROP SEQUENCE IF EXISTS "ChampionshipsOption_id_seq";
CREATE SEQUENCE "ChampionshipsOption_id_seq"
    START WITH 1
    INCREMENT BY 1
    NO MINVALUE
    MAXVALUE 2147483647
    CACHE 1;
CREATE TABLE "public"."ChampionshipOptions" (
                                                "id" integer DEFAULT nextval('"ChampionshipsOption_id_seq"') NOT NULL,
                                                "championshipId" integer NOT NULL,
                                                "key" character varying(150) NOT NULL,
                                                "value" character varying(150) NOT NULL,
                                                "createdAt" timestamptz NOT NULL,
                                                "updatedAt" timestamptz NOT NULL,
                                                "ordering" integer DEFAULT '0' NOT NULL
) WITH (oids = false);

INSERT INTO "ChampionshipOptions" ("id", "championshipId", "key", "value", "createdAt", "updatedAt", "ordering") VALUES
                                                                                                                     (1,	1,	'Максимальный точный гандикап',	'18.0',	'2020-09-24 16:53:38.348+00',	'2020-09-24 16:54:32.608+00',	0),
                                                                                                                     (2,	1,	'Максимальное количество участников',	'54',	'2020-09-24 16:54:16.803+00',	'2020-09-24 16:54:32.609+00',	1),
                                                                                                                     (3,	3,	'Доп опция',	'Крайне важно',	'2021-10-26 07:10:16.628+00',	'2021-10-26 07:10:16.628+00',	0);

DROP TABLE IF EXISTS "ChampionshipShedule";
DROP SEQUENCE IF EXISTS "ChampionshipShedule_id_seq";
CREATE SEQUENCE "ChampionshipShedule_id_seq"
    START WITH 1
    INCREMENT BY 1
    NO MINVALUE
    MAXVALUE 2147483647
    CACHE 1;
CREATE TABLE "public"."ChampionshipShedule" (
                                                "id" integer DEFAULT nextval('"ChampionshipShedule_id_seq"') NOT NULL,
                                                "championshipId" integer NOT NULL,
                                                "datetime" timestamptz NOT NULL,
                                                "value" character varying(150) NOT NULL,
                                                "createdAt" timestamptz NOT NULL,
                                                "updatedAt" timestamptz NOT NULL
) WITH (oids = false);

INSERT INTO "ChampionshipShedule" ("id", "championshipId", "datetime", "value", "createdAt", "updatedAt") VALUES
                                                                                                              (2,	1,	'2020-09-15 10:00:00+00',	'Регистрация',	'2020-09-24 17:34:10.607+00',	'2020-09-24 20:01:22.074+00'),
                                                                                                              (5,	1,	'2020-09-15 10:30:00+00',	'Сбор участников, разминка',	'2020-09-24 17:40:00.687+00',	'2020-09-24 20:23:56.704+00');

DROP TABLE IF EXISTS "Championships";
DROP SEQUENCE IF EXISTS "Championships_id_seq";
CREATE SEQUENCE "Championships_id_seq"
    AS integer
    START WITH 1
    INCREMENT BY 1
    NO MINVALUE
    NO MAXVALUE
    CACHE 1;
CREATE TABLE "public"."Championships" (
                                          "id" integer DEFAULT nextval('"Championships_id_seq"') NOT NULL,
                                          "userId" integer NOT NULL,
                                          "clubId" integer NOT NULL,
                                          "name" character varying(100) NOT NULL,
                                          "date" timestamptz NOT NULL,
                                          "memberPrice" real,
                                          "guestPrice" real NOT NULL,
                                          "createdAt" timestamptz NOT NULL,
                                          "updatedAt" timestamptz NOT NULL,
                                          "description" text,
                                          CONSTRAINT "Championships_pkey" PRIMARY KEY ("id")
) WITH (oids = false);

INSERT INTO "Championships" ("id", "userId", "clubId", "name", "date", "memberPrice", "guestPrice", "createdAt", "updatedAt", "description") VALUES
                                                                                                                                                 (1,	2,	1,	'Бермудский открытый кубок',	'2020-09-14 23:51:51.917432+00',	10000,	20000,	'2020-09-14 23:51:51.917432+00',	'2020-09-14 23:51:51.917432+00',	'Гольф - один из самых прибыльных видов спорта в мире как для мужчин, так и для женщин, но его структура сильно отличается от других видов спорта (особенно командных). Почти все (по крайней мере 95%) профессиональные игроки в гольф зарабатывают свой основной доход не на соревнованиях, а на клубах или обучении.'),
                                                                                                                                                 (3,	2,	1,	'Зима 2021',	'2021-11-27 00:00:00+00',	NULL,	10000,	'2021-10-26 07:09:43.76+00',	'2021-10-26 07:09:43.76+00',	'Ежегодный турнир с кандикапом не выше 20');

DROP TABLE IF EXISTS "ChatMessageRead";
DROP SEQUENCE IF EXISTS "ChatMessageRead_id_seq";
CREATE SEQUENCE "ChatMessageRead_id_seq" start with 1 INCREMENT by 1 MINVALUE 1 NO MAXVALUE  CACHE 1 ;

CREATE TABLE "public"."ChatMessageRead" (
                                            "id" integer DEFAULT nextval('"ChatMessageRead_id_seq"') NOT NULL,
                                            "createdAt" timestamptz NOT NULL,
                                            "updatedAt" timestamptz NOT NULL,
                                            "userId" integer NOT NULL,
                                            "chatMessageId" integer NOT NULL,
                                            CONSTRAINT "ChatMessageRead_pkey" PRIMARY KEY ("id"),
                                            CONSTRAINT "ChatMessageRead_userId_chatMessageId_key" UNIQUE ("userId", "chatMessageId")
) WITH (oids = false);

CREATE INDEX "chat_message_read_chat_message_id" ON "public"."ChatMessageRead" USING btree ("chatMessageId");

CREATE INDEX "chat_message_read_user_id" ON "public"."ChatMessageRead" USING btree ("userId");


DROP TABLE IF EXISTS "ChatMessages";
DROP SEQUENCE IF EXISTS "ChatMessages_id_seq";
CREATE SEQUENCE "ChatMessages_id_seq" start with 1 INCREMENT by 1  MINVALUE 1  NO MAXVALUE  CACHE 1 ;

CREATE TABLE "public"."ChatMessages" (
                                         "id" integer DEFAULT nextval('"ChatMessages_id_seq"') NOT NULL,
                                         "createdAt" timestamptz NOT NULL,
                                         "updatedAt" timestamptz NOT NULL,
                                         "userId" integer NOT NULL,
                                         "chatId" integer NOT NULL,
                                         "text" text,
                                         "files" json,
                                         CONSTRAINT "ChatMessages_pkey" PRIMARY KEY ("id")
) WITH (oids = false);

CREATE INDEX "chat_messages_chat_id" ON "public"."ChatMessages" USING btree ("chatId");

CREATE INDEX "chat_messages_user_id" ON "public"."ChatMessages" USING btree ("userId");

INSERT INTO "ChatMessages" ("id", "createdAt", "updatedAt", "userId", "chatId", "text", "files") VALUES
                                                                                                     (205,	'2021-11-09 08:47:17.267+00',	'2021-11-09 08:47:17.267+00',	325,	105,	'Пинг',	NULL),
                                                                                                     (206,	'2021-11-09 08:47:43.637+00',	'2021-11-09 08:47:43.637+00',	325,	106,	'Ping',	NULL),
                                                                                                     (207,	'2021-12-02 13:27:18.105+00',	'2021-12-02 13:27:18.105+00',	509,	115,	'Тест',	NULL),
                                                                                                     (208,	'2021-12-02 13:27:20.011+00',	'2021-12-02 13:27:20.011+00',	509,	115,	'1',	NULL),
                                                                                                     (209,	'2021-12-02 13:27:20.839+00',	'2021-12-02 13:27:20.839+00',	509,	115,	'2',	NULL),
                                                                                                     (210,	'2021-12-02 13:27:21.987+00',	'2021-12-02 13:27:21.987+00',	509,	115,	'3',	NULL),
                                                                                                     (211,	'2021-12-02 13:27:24.543+00',	'2021-12-02 13:27:24.543+00',	509,	115,	'4',	NULL),
                                                                                                     (212,	'2021-12-02 13:27:25.357+00',	'2021-12-02 13:27:25.357+00',	509,	115,	'5',	NULL),
                                                                                                     (213,	'2021-12-10 17:49:31.327+00',	'2021-12-10 17:49:31.327+00',	326,	115,	'😘',	NULL);

DROP TABLE IF EXISTS "ChatUsers";
DROP SEQUENCE IF EXISTS "ChatUsers_id_seq";
CREATE SEQUENCE "ChatUsers_id_seq" start with 1 INCREMENT by 1 MINVALUE 1  No  MAXVALUE  CACHE 1 ;

CREATE TABLE "public"."ChatUsers" (
                                      "id" integer DEFAULT nextval('"ChatUsers_id_seq"') NOT NULL,
                                      "createdAt" timestamptz NOT NULL,
                                      "updatedAt" timestamptz NOT NULL,
                                      "userId" integer NOT NULL,
                                      "chatId" integer NOT NULL,
                                      "acceptStatus" smallint NOT NULL,
                                      CONSTRAINT "ChatUsers_pkey" PRIMARY KEY ("id"),
                                      CONSTRAINT "ChatUsers_userId_chatId_key" UNIQUE ("userId", "chatId")
) WITH (oids = false);

INSERT INTO "ChatUsers" ("id", "createdAt", "updatedAt", "userId", "chatId", "acceptStatus") VALUES
                                                                                                 (204,	'2021-11-09 08:47:14.228+00',	'2021-11-09 08:47:14.228+00',	326,	105,	0),
                                                                                                 (205,	'2021-11-09 08:47:14.239+00',	'2021-11-09 08:47:14.239+00',	325,	105,	0),
                                                                                                 (206,	'2021-11-09 08:47:37.776+00',	'2021-11-09 08:47:37.776+00',	5,	106,	0),
                                                                                                 (207,	'2021-11-09 08:47:37.783+00',	'2021-11-09 08:47:37.783+00',	325,	106,	0),
                                                                                                 (208,	'2021-11-14 20:46:29.355+00',	'2021-11-14 20:46:29.355+00',	5,	107,	0),
                                                                                                 (209,	'2021-11-14 20:46:29.366+00',	'2021-11-14 20:46:29.366+00',	473,	107,	0),
                                                                                                 (210,	'2021-11-16 19:05:44.468+00',	'2021-11-16 19:05:44.468+00',	244,	108,	0),
                                                                                                 (211,	'2021-11-16 19:05:44.477+00',	'2021-11-16 19:05:44.477+00',	473,	108,	0),
                                                                                                 (212,	'2021-11-16 19:33:09.994+00',	'2021-11-16 19:33:09.994+00',	473,	109,	0),
                                                                                                 (213,	'2021-11-16 19:33:10.016+00',	'2021-11-16 19:33:10.016+00',	249,	109,	0),
                                                                                                 (214,	'2021-11-17 06:33:15.208+00',	'2021-11-17 06:33:15.208+00',	465,	110,	0),
                                                                                                 (215,	'2021-11-17 06:33:15.246+00',	'2021-11-17 06:33:15.246+00',	326,	110,	0),
                                                                                                 (216,	'2021-11-17 06:34:06.738+00',	'2021-11-17 06:34:06.738+00',	5,	111,	0),
                                                                                                 (217,	'2021-11-17 06:34:06.745+00',	'2021-11-17 06:34:06.745+00',	326,	111,	0),
                                                                                                 (218,	'2021-11-20 17:30:20.63+00',	'2021-11-20 17:30:20.63+00',	244,	112,	0),
                                                                                                 (219,	'2021-11-20 17:30:20.647+00',	'2021-11-20 17:30:20.647+00',	249,	112,	0),
                                                                                                 (220,	'2021-11-27 09:20:54.346+00',	'2021-11-27 09:20:54.346+00',	244,	113,	0),
                                                                                                 (221,	'2021-11-27 09:20:54.38+00',	'2021-11-27 09:20:54.38+00',	507,	113,	0),
                                                                                                 (222,	'2021-12-01 09:40:53.504+00',	'2021-12-01 09:40:53.504+00',	244,	114,	0),
                                                                                                 (223,	'2021-12-01 09:40:53.535+00',	'2021-12-01 09:40:53.535+00',	242,	114,	0),
                                                                                                 (224,	'2021-12-02 13:27:06.934+00',	'2021-12-02 13:27:06.934+00',	326,	115,	0),
                                                                                                 (225,	'2021-12-02 13:27:06.947+00',	'2021-12-02 13:27:06.947+00',	509,	115,	0),
                                                                                                 (226,	'2021-12-02 13:27:29.909+00',	'2021-12-02 13:27:29.909+00',	325,	116,	0),
                                                                                                 (227,	'2021-12-02 13:27:29.939+00',	'2021-12-02 13:27:29.939+00',	509,	116,	0),
                                                                                                 (228,	'2021-12-02 13:27:46.835+00',	'2021-12-02 13:27:46.835+00',	244,	117,	0),
                                                                                                 (229,	'2021-12-02 13:27:46.843+00',	'2021-12-02 13:27:46.843+00',	509,	117,	0),
                                                                                                 (230,	'2021-12-02 13:27:48.56+00',	'2021-12-02 13:27:48.56+00',	242,	118,	0),
                                                                                                 (231,	'2021-12-02 13:27:48.567+00',	'2021-12-02 13:27:48.567+00',	509,	118,	0),
                                                                                                 (232,	'2021-12-02 13:34:24.24+00',	'2021-12-02 13:34:24.24+00',	473,	119,	0),
                                                                                                 (233,	'2021-12-02 13:34:24.247+00',	'2021-12-02 13:34:24.247+00',	509,	119,	0),
                                                                                                 (234,	'2021-12-02 13:34:26.819+00',	'2021-12-02 13:34:26.819+00',	465,	120,	0),
                                                                                                 (235,	'2021-12-02 13:34:26.826+00',	'2021-12-02 13:34:26.826+00',	509,	120,	0),
                                                                                                 (236,	'2021-12-14 04:31:40.172+00',	'2021-12-14 04:31:40.172+00',	473,	121,	0),
                                                                                                 (237,	'2021-12-14 04:31:40.19+00',	'2021-12-14 04:31:40.19+00',	507,	121,	0),
                                                                                                 (238,	'2022-01-22 19:39:12.406+00',	'2022-01-22 19:39:12.406+00',	5,	122,	0),
                                                                                                 (239,	'2022-01-22 19:39:12.415+00',	'2022-01-22 19:39:12.415+00',	507,	122,	0),
                                                                                                 (240,	'2022-02-03 12:50:39.227+00',	'2022-02-03 12:50:39.227+00',	509,	123,	0),
                                                                                                 (241,	'2022-02-03 12:50:39.235+00',	'2022-02-03 12:50:39.235+00',	249,	123,	0);

DROP TABLE IF EXISTS "Chats";
DROP SEQUENCE IF EXISTS "Chats_id_seq";
CREATE SEQUENCE "Chats_id_seq" start with 1 INCREMENT by 1 MINVALUE 1  No  MAXVALUE  CACHE 1 ;

CREATE TABLE "public"."Chats" (
                                  "id" integer DEFAULT nextval('"Chats_id_seq"') NOT NULL,
                                  "createdAt" timestamptz NOT NULL,
                                  "updatedAt" timestamptz NOT NULL,
                                  "userId" integer NOT NULL,
                                  "title" character varying(100),
                                  "lastMessageAt" timestamptz,
                                  CONSTRAINT "Chats_pkey" PRIMARY KEY ("id")
) WITH (oids = false);

CREATE INDEX "chats_user_id" ON "public"."Chats" USING btree ("userId");

INSERT INTO "Chats" ("id", "createdAt", "updatedAt", "userId", "title", "lastMessageAt") VALUES
                                                                                             (105,	'2021-11-09 08:47:14.173+00',	'2021-11-09 08:47:14.173+00',	325,	NULL,	NULL),
                                                                                             (106,	'2021-11-09 08:47:37.755+00',	'2021-11-09 08:47:37.755+00',	325,	NULL,	NULL),
                                                                                             (107,	'2021-11-14 20:46:29.329+00',	'2021-11-14 20:46:29.329+00',	473,	NULL,	NULL),
                                                                                             (108,	'2021-11-16 19:05:44.442+00',	'2021-11-16 19:05:44.442+00',	473,	NULL,	NULL),
                                                                                             (109,	'2021-11-16 19:33:09.975+00',	'2021-11-16 19:33:09.975+00',	249,	NULL,	NULL),
                                                                                             (110,	'2021-11-17 06:33:14.866+00',	'2021-11-17 06:33:14.866+00',	326,	NULL,	NULL),
                                                                                             (111,	'2021-11-17 06:34:06.726+00',	'2021-11-17 06:34:06.726+00',	326,	NULL,	NULL),
                                                                                             (112,	'2021-11-20 17:30:20.507+00',	'2021-11-20 17:30:20.507+00',	249,	NULL,	NULL),
                                                                                             (113,	'2021-11-27 09:20:54.322+00',	'2021-11-27 09:20:54.322+00',	507,	NULL,	NULL),
                                                                                             (114,	'2021-12-01 09:40:53.436+00',	'2021-12-01 09:40:53.436+00',	242,	NULL,	NULL),
                                                                                             (115,	'2021-12-02 13:27:06.895+00',	'2021-12-02 13:27:06.895+00',	509,	NULL,	NULL),
                                                                                             (116,	'2021-12-02 13:27:29.895+00',	'2021-12-02 13:27:29.895+00',	509,	NULL,	NULL),
                                                                                             (117,	'2021-12-02 13:27:46.815+00',	'2021-12-02 13:27:46.815+00',	509,	NULL,	NULL),
                                                                                             (118,	'2021-12-02 13:27:48.549+00',	'2021-12-02 13:27:48.549+00',	509,	NULL,	NULL),
                                                                                             (119,	'2021-12-02 13:34:24.218+00',	'2021-12-02 13:34:24.218+00',	509,	NULL,	NULL),
                                                                                             (120,	'2021-12-02 13:34:26.811+00',	'2021-12-02 13:34:26.811+00',	509,	NULL,	NULL),
                                                                                             (121,	'2021-12-14 04:31:40.081+00',	'2021-12-14 04:31:40.081+00',	507,	NULL,	NULL),
                                                                                             (122,	'2022-01-22 19:39:12.37+00',	'2022-01-22 19:39:12.37+00',	507,	NULL,	NULL),
                                                                                             (123,	'2022-02-03 12:50:39.211+00',	'2022-02-03 12:50:39.211+00',	249,	NULL,	NULL);

DROP TABLE IF EXISTS "Cities" CASCADE;
CREATE TABLE "public"."Cities" (
                                   "id" integer NOT NULL,
                                   "name" character varying(50) NOT NULL,
                                   "countryId" integer NOT NULL,
                                   "geonameId" integer NOT NULL,
                                   "createdAt" timestamptz NOT NULL,
                                   "updatedAt" timestamptz NOT NULL,
                                   CONSTRAINT "city_id_unique_idx" UNIQUE ("id")
) WITH (oids = false);

INSERT INTO "Cities" ("id", "name", "countryId", "geonameId", "createdAt", "updatedAt") VALUES
                                                                                            (1526384,	'Алматы',	1522867,	1526384,	'2020-09-22 21:01:11.403+00',	'2020-09-22 21:01:11.403+00'),
                                                                                            (1519922,	'Кызылорда',	1522867,	1519922,	'2020-09-22 21:01:11.404+00',	'2020-09-22 21:01:11.404+00'),
                                                                                            (1524298,	'Аксу',	1522867,	1524298,	'2020-09-22 21:01:11.406+00',	'2020-09-22 21:01:11.406+00'),
                                                                                            (610611,	'Актобе',	1522867,	610611,	'2020-09-22 21:01:11.405+00',	'2020-09-22 21:01:11.405+00'),
                                                                                            (323786,	'Анкара',	298795,	323786,	'2021-10-28 15:44:32.421+00',	'2021-10-28 15:44:32.421+00'),
                                                                                            (1526193,	'Аркалык',	1522867,	1526193,	'2020-09-22 21:01:11.406+00',	'2020-09-22 21:01:11.406+00'),
                                                                                            (610529,	'Атырау',	1522867,	610529,	'2020-09-22 21:01:11.405+00',	'2020-09-22 21:01:11.405+00'),
                                                                                            (610612,	'Актау',	1522867,	610612,	'2020-09-22 21:01:11.406+00',	'2020-09-22 21:01:11.406+00'),
                                                                                            (1526168,	'Арысь',	1522867,	1526168,	'2020-09-22 21:01:11.407+00',	'2020-09-22 21:01:11.407+00'),
                                                                                            (1516789,	'Айтеке-Би',	1522867,	1516789,	'2020-09-22 21:01:11.407+00',	'2020-09-22 21:01:11.407+00'),
                                                                                            (1526059,	'Astrakhan',	1522867,	1526059,	'2020-09-22 21:01:11.759+00',	'2020-09-22 21:01:11.759+00'),
                                                                                            (1526081,	'Ачисай',	1522867,	1526081,	'2020-09-22 21:01:11.759+00',	'2020-09-22 21:01:11.759+00'),
                                                                                            (1526055,	'Асубулак',	1522867,	1526055,	'2020-09-22 21:01:11.759+00',	'2020-09-22 21:01:11.759+00'),
                                                                                            (1522643,	'Кировский',	1522867,	1522643,	'2020-09-22 21:01:11.758+00',	'2020-09-22 21:01:11.758+00'),
                                                                                            (487846,	'Ставрополь',	2017370,	487846,	'2021-06-30 19:34:08.505+00',	'2021-06-30 19:55:38.76+00'),
                                                                                            (1526273,	'Нур-Султан',	1522867,	1526273,	'2020-09-22 21:01:11.404+00',	'2020-09-22 21:01:11.758+00'),
                                                                                            (1062663,	'Махадзанга',	1062947,	1062663,	'2021-02-19 13:16:07.32+00',	'2021-02-19 13:16:07.32+00'),
                                                                                            (1062553,	'Mahanoro',	1062947,	1062553,	'2021-02-19 13:16:07.321+00',	'2021-02-19 13:16:07.321+00'),
                                                                                            (1061412,	'Mananara',	1062947,	1061412,	'2021-02-19 13:16:07.321+00',	'2021-02-19 13:16:07.321+00'),
                                                                                            (1058381,	'Мурундава',	1062947,	1058381,	'2021-02-19 13:16:07.321+00',	'2021-02-19 13:16:07.321+00'),
                                                                                            (501175,	'Ростов-на-Дону',	2017370,	501175,	'2021-06-30 19:18:08.136+00',	'2021-06-30 19:18:08.45+00'),
                                                                                            (1061605,	'Манакара',	1062947,	1061605,	'2021-02-19 13:16:07.321+00',	'2021-02-19 13:16:07.321+00'),
                                                                                            (1060673,	'Manjakandriana',	1062947,	1060673,	'2021-02-19 13:16:07.322+00',	'2021-02-19 13:16:07.322+00'),
                                                                                            (1059507,	'Marovoay',	1062947,	1059507,	'2021-02-19 13:16:07.322+00',	'2021-02-19 13:16:07.322+00'),
                                                                                            (1058532,	'Moramanga',	1062947,	1058532,	'2021-02-19 13:16:07.322+00',	'2021-02-19 13:16:07.322+00'),
                                                                                            (1061335,	'Mananjary',	1062947,	1061335,	'2021-02-19 13:16:07.323+00',	'2021-02-19 13:16:07.323+00'),
                                                                                            (325363,	'Адана',	298795,	325363,	'2021-10-28 15:44:32.421+00',	'2021-10-28 15:44:32.421+00'),
                                                                                            (1059059,	'Miandrarivo',	1062947,	1059059,	'2021-02-19 13:16:07.323+00',	'2021-02-19 13:16:07.323+00'),
                                                                                            (515024,	'Орехово-Зуево',	2017370,	515024,	'2021-06-29 19:16:00.492+00',	'2021-06-29 19:16:00.492+00'),
                                                                                            (516215,	'Одинцово',	2017370,	516215,	'2021-06-29 19:16:00.492+00',	'2021-06-29 19:16:00.492+00'),
                                                                                            (513378,	'Озёры',	2017370,	513378,	'2021-06-29 19:16:00.493+00',	'2021-06-29 19:16:00.493+00'),
                                                                                            (491422,	'Сочи',	2017370,	491422,	'2021-06-30 19:34:08.505+00',	'2021-06-30 19:55:38.76+00'),
                                                                                            (568808,	'Черноголовка',	2017370,	568808,	'2021-06-29 19:16:00.493+00',	'2021-06-29 19:16:00.493+00'),
                                                                                            (693805,	'Симферополь',	2017370,	693805,	'2021-06-30 19:34:08.506+00',	'2021-06-30 19:55:38.761+00'),
                                                                                            (6947637,	'Atasehir',	298795,	6947637,	'2021-10-28 15:44:32.421+00',	'2021-10-28 15:44:32.421+00'),
                                                                                            (498817,	'Санкт-Петербург',	2017370,	498817,	'2021-06-30 19:34:08.499+00',	'2021-06-30 19:55:39.568+00'),
                                                                                            (2019912,	'Могоча',	2017370,	2019912,	'2020-09-22 20:45:39.367+00',	'2021-06-30 19:49:50.652+00'),
                                                                                            (2988447,	'Партене',	3017382,	2988447,	'2020-09-22 20:51:43.767+00',	'2020-09-22 20:51:43.767+00'),
                                                                                            (2013348,	'Владивосток',	2017370,	2013348,	'2020-09-22 20:45:39.405+00',	'2021-06-30 19:49:50.346+00'),
                                                                                            (532096,	'Махачкала',	2017370,	532096,	'2020-09-22 20:45:39.405+00',	'2021-06-30 19:49:50.347+00'),
                                                                                            (322830,	'Айдын',	298795,	322830,	'2021-10-28 15:44:32.425+00',	'2021-10-28 15:44:32.425+00'),
                                                                                            (532288,	'Магнитогорск',	2017370,	532288,	'2020-09-22 20:45:39.406+00',	'2021-06-30 19:49:50.347+00'),
                                                                                            (1490624,	'Сургут',	2017370,	1490624,	'2021-06-30 19:34:08.505+00',	'2021-06-30 19:55:38.761+00'),
                                                                                            (473247,	'Владимир',	2017370,	473247,	'2020-09-22 20:45:39.406+00',	'2021-06-30 19:49:50.347+00'),
                                                                                            (472459,	'Вологда',	2017370,	472459,	'2020-09-22 20:45:39.406+00',	'2021-06-30 19:49:50.348+00'),
                                                                                            (472231,	'Волжский',	2017370,	472231,	'2020-09-22 20:45:39.406+00',	'2021-06-30 19:49:50.348+00'),
                                                                                            (524894,	'Москва',	2017370,	524894,	'2020-09-22 19:35:56.485+00',	'2021-06-30 19:49:50.903+00'),
                                                                                            (299582,	'Татван',	298795,	299582,	'2021-10-29 07:30:36.264+00',	'2021-10-29 07:30:36.264+00'),
                                                                                            (8555643,	'Cergy-Pontoise',	3017382,	8555643,	'2020-09-22 20:09:55.046+00',	'2020-09-22 20:09:55.046+00'),
                                                                                            (3038354,	'Экс-ан-Прованс',	3017382,	3038354,	'2020-09-22 20:09:55.046+00',	'2020-09-22 20:09:55.046+00'),
                                                                                            (2987914,	'Перпиньян',	3017382,	2987914,	'2020-09-22 20:09:55.046+00',	'2020-09-22 20:09:55.046+00'),
                                                                                            (2986495,	'Пуатье',	3017382,	2986495,	'2020-09-22 20:09:55.046+00',	'2020-09-22 20:09:55.046+00'),
                                                                                            (2987805,	'Пессак',	3017382,	2987805,	'2020-09-22 20:09:55.047+00',	'2020-09-22 20:09:55.047+00'),
                                                                                            (2977356,	'Saint-Priest',	3017382,	2977356,	'2020-09-22 20:09:55.048+00',	'2020-09-22 20:09:55.048+00'),
                                                                                            (2998975,	'Леваллуа-Перре',	3017382,	2998975,	'2020-09-22 20:09:55.047+00',	'2020-09-22 20:09:55.047+00'),
                                                                                            (524901,	'Москва',	2017370,	524901,	'2020-09-22 20:46:54.765+00',	'2020-09-22 20:46:54.949+00'),
                                                                                            (2988592,	'Paray-le-Monial',	3017382,	2988592,	'2020-09-22 20:51:43.767+00',	'2020-09-22 20:51:43.767+00'),
                                                                                            (524699,	'Можга',	2017370,	524699,	'2020-09-22 20:45:39.366+00',	'2021-06-30 19:49:50.65+00'),
                                                                                            (750269,	'Бурса',	298795,	750269,	'2021-10-29 07:30:35.299+00',	'2021-10-29 07:30:36.896+00'),
                                                                                            (525404,	'Мончегорск',	2017370,	525404,	'2020-09-22 20:45:39.367+00',	'2021-06-30 19:49:50.651+00'),
                                                                                            (526480,	'Минеральные Воды',	2017370,	526480,	'2020-09-22 20:45:39.405+00',	'2021-06-30 19:49:50.343+00'),
                                                                                            (2988589,	'Paray-Vieille-Poste',	3017382,	2988589,	'2020-09-22 20:51:43.768+00',	'2020-09-22 20:51:43.768+00'),
                                                                                            (857690,	'Московский',	2017370,	857690,	'2020-09-22 19:35:56.486+00',	'2021-06-30 19:49:50.904+00'),
                                                                                            (2988548,	'Parempuyre',	3017382,	2988548,	'2020-09-22 20:51:43.768+00',	'2020-09-22 20:51:43.768+00'),
                                                                                            (524736,	'Моздок',	2017370,	524736,	'2020-09-22 20:45:39.367+00',	'2021-06-30 19:49:50.651+00'),
                                                                                            (2988490,	'Пармен',	3017382,	2988490,	'2020-09-22 20:51:43.769+00',	'2020-09-22 20:51:43.769+00'),
                                                                                            (6947641,	'Bueyuekcekmece',	298795,	6947641,	'2021-10-29 07:30:35.303+00',	'2021-10-29 07:30:36.898+00'),
                                                                                            (611583,	'Ткуарчал',	614540,	611583,	'2021-11-04 18:28:27.111+00',	'2021-11-04 18:28:27.111+00'),
                                                                                            (2988542,	'Parentis-en-Born',	3017382,	2988542,	'2020-09-22 20:51:43.769+00',	'2020-09-22 20:51:43.769+00'),
                                                                                            (611584,	'Ткибули',	614540,	611584,	'2021-11-04 18:28:27.112+00',	'2021-11-04 18:28:27.112+00'),
                                                                                            (525084,	'Мосальск',	2017370,	525084,	'2020-09-22 19:35:56.486+00',	'2021-06-30 19:49:50.772+00'),
                                                                                            (520555,	'Нижний Новгород',	2017370,	520555,	'2021-06-30 19:18:08.136+00',	'2021-06-30 19:18:08.136+00'),
                                                                                            (520494,	'Нижний Тагил',	2017370,	520494,	'2021-06-30 19:18:08.133+00',	'2021-06-30 19:18:08.133+00'),
                                                                                            (1496747,	'Новосибирск',	2017370,	1496747,	'2021-06-30 19:18:08.133+00',	'2021-06-30 19:18:08.133+00'),
                                                                                            (2999139,	'Ле-Туке-Пари-Плаж',	3017382,	2999139,	'2020-09-22 20:51:43.768+00',	'2020-09-22 20:51:43.854+00'),
                                                                                            (2988511,	'Parigny',	3017382,	2988511,	'2020-09-22 20:51:43.854+00',	'2020-09-22 20:51:43.854+00'),
                                                                                            (3017922,	'Фонтене-ан-Паризи',	3017382,	3017922,	'2020-09-22 20:51:43.855+00',	'2020-09-22 20:51:43.855+00'),
                                                                                            (2977719,	'Saint-Parize-le-Chatel',	3017382,	2977719,	'2020-09-22 20:51:43.855+00',	'2020-09-22 20:51:43.855+00'),
                                                                                            (2988517,	'Parigne-le-Polin',	3017382,	2988517,	'2020-09-22 20:51:43.856+00',	'2020-09-22 20:51:43.856+00'),
                                                                                            (2988518,	'Parigne',	3017382,	2988518,	'2020-09-22 20:51:43.856+00',	'2020-09-22 20:51:43.856+00'),
                                                                                            (1488754,	'Тюмень',	2017370,	1488754,	'2021-06-30 19:18:08.137+00',	'2021-06-30 19:18:08.137+00'),
                                                                                            (482283,	'Тольятти',	2017370,	482283,	'2021-06-30 19:18:08.137+00',	'2021-06-30 19:18:08.137+00'),
                                                                                            (1489425,	'Томск',	2017370,	1489425,	'2021-06-30 19:18:08.137+00',	'2021-06-30 19:18:08.137+00'),
                                                                                            (1496990,	'Новокузнецк',	2017370,	1496990,	'2021-06-30 19:18:08.137+00',	'2021-06-30 19:18:08.137+00'),
                                                                                            (480562,	'Тула',	2017370,	480562,	'2021-06-30 19:18:08.138+00',	'2021-06-30 19:18:08.138+00'),
                                                                                            (480060,	'Тверь',	2017370,	480060,	'2021-06-30 19:18:08.45+00',	'2021-06-30 19:18:08.957+00'),
                                                                                            (551487,	'Казань',	2017370,	551487,	'2021-06-30 19:30:45.372+00',	'2021-06-30 19:30:45.372+00'),
                                                                                            (2015833,	'Свободный',	2017370,	2015833,	'2021-06-30 19:34:09.162+00',	'2021-06-30 19:34:09.162+00'),
                                                                                            (2988621,	'Пантин',	3017382,	2988621,	'2020-09-22 20:09:55.047+00',	'2020-09-22 20:56:32.659+00'),
                                                                                            (2988758,	'Палезо',	3017382,	2988758,	'2020-09-22 20:09:55.088+00',	'2020-09-22 20:56:32.659+00'),
                                                                                            (485698,	'Светлоград',	2017370,	485698,	'2021-06-30 19:34:09.163+00',	'2021-06-30 19:34:09.333+00'),
                                                                                            (2983536,	'Риллиэукс-ла-Пап',	3017382,	2983536,	'2020-09-22 20:09:55.088+00',	'2020-09-22 20:56:32.66+00'),
                                                                                            (525138,	'Моршанск',	2017370,	525138,	'2020-09-22 20:45:39.367+00',	'2021-06-30 19:49:50.651+00'),
                                                                                            (2988358,	'Пау',	3017382,	2988358,	'2020-09-22 20:09:55.047+00',	'2020-09-22 20:56:32.658+00'),
                                                                                            (472045,	'Воронеж',	2017370,	472045,	'2020-09-22 20:45:39.405+00',	'2021-06-30 19:49:50.342+00'),
                                                                                            (2988507,	'Париж',	3017382,	2988507,	'2020-09-22 20:09:55.045+00',	'2020-09-22 20:56:32.658+00'),
                                                                                            (472757,	'Волгоград',	2017370,	472757,	'2020-09-22 20:45:39.405+00',	'2021-06-30 19:49:50.342+00'),
                                                                                            (3023645,	'Кормей-ан-Паризи',	3017382,	3023645,	'2020-09-22 20:09:55.089+00',	'2020-09-22 20:56:32.66+00'),
                                                                                            (3000060,	'Les Pavillons-sous-Bois',	3017382,	3000060,	'2020-09-22 20:09:55.089+00',	'2020-09-22 20:56:32.661+00'),
                                                                                            (2988670,	'Памье',	3017382,	2988670,	'2020-09-22 20:09:55.089+00',	'2020-09-22 20:56:32.661+00'),
                                                                                            (2977648,	'Сен-Поль-ле-Дакс',	3017382,	2977648,	'2020-09-22 20:09:55.09+00',	'2020-09-22 20:56:32.663+00'),
                                                                                            (2974645,	'Сесине-Паризе',	3017382,	2974645,	'2020-09-22 20:09:55.09+00',	'2020-09-22 20:56:32.662+00'),
                                                                                            (323777,	'Анталия',	298795,	323777,	'2021-10-28 15:44:32.421+00',	'2021-10-28 15:44:32.421+00'),
                                                                                            (485699,	'Светлогорск',	2017370,	485699,	'2021-06-30 19:34:09.164+00',	'2021-06-30 19:34:09.333+00'),
                                                                                            (323779,	'Антиохия',	298795,	323779,	'2021-10-28 15:44:32.424+00',	'2021-10-28 15:44:32.424+00'),
                                                                                            (1486209,	'Екатеринбург',	2017370,	1486209,	'2021-06-30 19:34:09.162+00',	'2021-06-30 19:34:09.928+00'),
                                                                                            (299817,	'Тарсус',	298795,	299817,	'2021-10-29 07:30:36.221+00',	'2021-10-29 07:30:36.221+00'),
                                                                                            (499099,	'Самара',	2017370,	499099,	'2021-06-30 19:34:08.499+00',	'2021-06-30 19:55:39.001+00'),
                                                                                            (738618,	'Турхал',	298795,	738618,	'2021-10-29 07:30:36.263+00',	'2021-10-29 07:30:36.263+00'),
                                                                                            (2119441,	'Южно-Сахалинск',	2017370,	2119441,	'2021-06-30 19:53:15.863+00',	'2021-06-30 19:55:39.001+00'),
                                                                                            (498687,	'Сарапул',	2017370,	498687,	'2021-06-30 19:53:15.865+00',	'2021-06-30 19:55:39.002+00'),
                                                                                            (751324,	'Багджылар',	298795,	751324,	'2021-10-29 07:30:35.301+00',	'2021-10-29 07:30:36.897+00'),
                                                                                            (561667,	'Геленджик',	2017370,	561667,	'2021-06-30 20:01:53.463+00',	'2021-06-30 20:01:53.665+00'),
                                                                                            (587078,	'Баладжары',	587116,	587078,	'2021-06-30 20:24:06.465+00',	'2021-06-30 20:24:06.465+00'),
                                                                                            (148354,	'Beylagan',	587116,	148354,	'2021-06-30 20:24:06.466+00',	'2021-06-30 20:24:06.466+00'),
                                                                                            (1691444,	'Рохас',	1694008,	1691444,	'2021-10-28 15:00:22.59+00',	'2021-10-28 15:00:22.59+00'),
                                                                                            (1691446,	'Roxas',	1694008,	1691446,	'2021-10-28 15:00:22.591+00',	'2021-10-28 15:00:22.591+00'),
                                                                                            (1723510,	'Budta',	1694008,	1723510,	'2021-10-28 15:00:22.202+00',	'2021-10-28 15:00:22.955+00'),
                                                                                            (751077,	'Бандырма',	298795,	751077,	'2021-10-29 07:30:35.304+00',	'2021-10-29 07:30:36.899+00'),
                                                                                            (1728930,	'Багио',	1694008,	1728930,	'2021-10-28 15:00:22.21+00',	'2021-10-28 15:00:22.957+00'),
                                                                                            (1684308,	'Тагиг',	1694008,	1684308,	'2021-10-28 15:00:23.012+00',	'2021-10-28 15:00:23.012+00'),
                                                                                            (1683881,	'Talisay',	1694008,	1683881,	'2021-10-28 15:00:23.022+00',	'2021-10-28 15:00:23.022+00'),
                                                                                            (824288,	'Цхалтубо',	614540,	824288,	'2021-11-04 18:28:27.111+00',	'2021-11-04 18:28:27.111+00'),
                                                                                            (614580,	'Цандрыпш',	614540,	614580,	'2021-11-04 18:28:27.112+00',	'2021-11-04 18:28:27.112+00'),
                                                                                            (1725633,	'Begang',	1694008,	1725633,	'2021-10-28 15:00:25.802+00',	'2021-10-28 15:00:25.802+00'),
                                                                                            (1725609,	'Belison',	1694008,	1725609,	'2021-10-28 15:00:23.406+00',	'2021-10-28 15:00:26.055+00'),
                                                                                            (2015842,	'Свирск',	2017370,	2015842,	'2021-06-30 19:34:09.164+00',	'2021-06-30 19:34:09.164+00'),
                                                                                            (752850,	'Сакарья',	298795,	752850,	'2021-10-28 15:44:32.422+00',	'2021-10-28 15:44:32.422+00'),
                                                                                            (324496,	'Аксарай',	298795,	324496,	'2021-10-28 15:44:32.425+00',	'2021-10-28 15:44:32.425+00'),
                                                                                            (1538636,	'Новоуральск',	2017370,	1538636,	'2021-06-30 19:34:09.162+00',	'2021-06-30 19:34:09.928+00'),
                                                                                            (523750,	'Набережные Челны',	2017370,	523750,	'2021-06-30 19:18:08.138+00',	'2021-06-30 19:55:38.76+00'),
                                                                                            (738927,	'Текирдаг',	298795,	738927,	'2021-10-29 07:30:36.236+00',	'2021-10-29 07:30:36.236+00'),
                                                                                            (321426,	'Пергам',	298795,	321426,	'2021-10-29 07:30:36.264+00',	'2021-10-29 07:30:36.264+00'),
                                                                                            (499161,	'Сальск',	2017370,	499161,	'2021-06-30 19:53:15.865+00',	'2021-06-30 19:55:39.002+00'),
                                                                                            (7627067,	'Bahcelievler',	298795,	7627067,	'2021-10-29 07:30:35.302+00',	'2021-10-29 07:30:36.897+00'),
                                                                                            (6947639,	'Basaksehir',	298795,	6947639,	'2021-10-29 07:30:35.303+00',	'2021-10-29 07:30:36.898+00'),
                                                                                            (561627,	'Георгиевск',	2017370,	561627,	'2021-06-30 20:01:53.463+00',	'2021-06-30 20:01:53.463+00'),
                                                                                            (863761,	'Badamdar',	587116,	863761,	'2021-06-30 20:24:06.467+00',	'2021-06-30 20:24:06.467+00'),
                                                                                            (1687894,	'Санта-Роса',	1694008,	1687894,	'2021-10-28 15:00:22.589+00',	'2021-10-28 15:00:22.589+00'),
                                                                                            (1691606,	'Ризал',	1694008,	1691606,	'2021-10-28 15:00:22.591+00',	'2021-10-28 15:00:22.591+00'),
                                                                                            (611694,	'Телави',	614540,	611694,	'2021-11-04 18:28:27.111+00',	'2021-11-04 18:28:27.111+00'),
                                                                                            (1729564,	'Bacolod City',	1694008,	1729564,	'2021-10-28 15:00:22.204+00',	'2021-10-28 15:00:22.955+00'),
                                                                                            (611373,	'Цнори',	614540,	611373,	'2021-11-04 18:28:27.116+00',	'2021-11-04 18:28:27.116+00'),
                                                                                            (1729085,	'Bago City',	1694008,	1729085,	'2021-10-28 15:00:22.211+00',	'2021-10-28 15:00:22.958+00'),
                                                                                            (1682812,	'Tarlac City',	1694008,	1682812,	'2021-10-28 15:00:23.014+00',	'2021-10-28 15:00:23.014+00'),
                                                                                            (1713014,	'General Trias',	1694008,	1713014,	'2021-10-28 15:00:23.023+00',	'2021-10-28 15:00:23.023+00'),
                                                                                            (1725642,	'Beddeng',	1694008,	1725642,	'2021-10-28 15:00:25.801+00',	'2021-10-28 15:00:25.801+00'),
                                                                                            (1725649,	'Becerril',	1694008,	1725649,	'2021-10-28 15:00:25.802+00',	'2021-10-28 15:00:25.802+00'),
                                                                                            (325330,	'Адыяман',	298795,	325330,	'2021-10-28 15:44:32.422+00',	'2021-10-28 15:44:32.422+00'),
                                                                                            (485639,	'Светогорск',	2017370,	485639,	'2021-06-30 19:34:09.164+00',	'2021-06-30 19:34:09.333+00'),
                                                                                            (829005,	'Лесной',	2017370,	829005,	'2021-06-30 19:34:09.165+00',	'2021-06-30 19:34:09.929+00'),
                                                                                            (738743,	'Токат',	298795,	738743,	'2021-10-29 07:30:36.235+00',	'2021-10-29 07:30:36.235+00'),
                                                                                            (321580,	'Белек',	298795,	321580,	'2021-10-29 07:30:36.264+00',	'2021-10-29 07:30:36.264+00'),
                                                                                            (321836,	'Батман',	298795,	321836,	'2021-10-29 07:30:35.302+00',	'2021-10-29 07:30:36.897+00'),
                                                                                            (498677,	'Саратов',	2017370,	498677,	'2021-06-30 19:34:08.5+00',	'2021-06-30 19:55:39.001+00'),
                                                                                            (6947640,	'Beylikduezue',	298795,	6947640,	'2021-10-29 07:30:35.304+00',	'2021-10-29 07:30:36.899+00'),
                                                                                            (498525,	'Саров',	2017370,	498525,	'2021-06-30 19:53:15.865+00',	'2021-06-30 19:55:39.002+00'),
                                                                                            (587084,	'Баку',	587116,	587084,	'2021-06-30 20:24:06.462+00',	'2021-06-30 20:24:06.462+00'),
                                                                                            (587057,	'Барда',	587116,	587057,	'2021-06-30 20:24:06.465+00',	'2021-06-30 20:24:06.465+00'),
                                                                                            (586967,	'Бинагади',	587116,	586967,	'2021-06-30 20:24:06.467+00',	'2021-06-30 20:24:06.467+00'),
                                                                                            (1691911,	'Рамон',	1694008,	1691911,	'2021-10-28 15:00:22.59+00',	'2021-10-28 15:00:22.59+00'),
                                                                                            (1691904,	'Ramos',	1694008,	1691904,	'2021-10-28 15:00:22.592+00',	'2021-10-28 15:00:22.592+00'),
                                                                                            (1722186,	'Butuan',	1694008,	1722186,	'2021-10-28 15:00:22.209+00',	'2021-10-28 15:00:22.956+00'),
                                                                                            (1725094,	'Binangonan',	1694008,	1725094,	'2021-10-28 15:00:22.21+00',	'2021-10-28 15:00:22.958+00'),
                                                                                            (1681602,	'Толедо',	1694008,	1681602,	'2021-10-28 15:00:23.022+00',	'2021-10-28 15:00:23.022+00'),
                                                                                            (1684497,	'Тагбиларан',	1694008,	1684497,	'2021-10-28 15:00:23.023+00',	'2021-10-28 15:00:23.023+00'),
                                                                                            (1725919,	'Бей',	1694008,	1725919,	'2021-10-28 15:00:25.8+00',	'2021-10-28 15:00:25.8+00'),
                                                                                            (1690245,	'San Benito',	1694008,	1690245,	'2021-10-28 15:00:25.801+00',	'2021-10-28 15:00:25.801+00'),
                                                                                            (1725623,	'Belance',	1694008,	1725623,	'2021-10-28 15:00:23.406+00',	'2021-10-28 15:00:26.056+00'),
                                                                                            (751868,	'Arnavutkoey',	298795,	751868,	'2021-10-28 15:44:32.424+00',	'2021-10-28 15:44:32.424+00'),
                                                                                            (611403,	'Цхинвал',	614540,	611403,	'2021-11-04 18:28:27.111+00',	'2021-11-04 18:28:27.111+00'),
                                                                                            (611551,	'Цаленджиха',	614540,	611551,	'2021-11-04 18:28:27.115+00',	'2021-11-04 18:28:27.115+00'),
                                                                                            (1508291,	'Челябинск',	2017370,	1508291,	'2021-06-30 19:34:08.5+00',	'2021-06-30 19:55:38.759+00'),
                                                                                            (498698,	'Саранск',	2017370,	498698,	'2021-06-30 19:53:15.863+00',	'2021-06-30 19:55:39.001+00'),
                                                                                            (1493197,	'Салехард',	2017370,	1493197,	'2021-06-30 19:53:15.866+00',	'2021-06-30 19:55:39.002+00'),
                                                                                            (148565,	'Ширван',	587116,	148565,	'2021-06-30 20:24:06.462+00',	'2021-06-30 20:24:06.462+00'),
                                                                                            (586925,	'Бузовна',	587116,	586925,	'2021-06-30 20:24:06.466+00',	'2021-06-30 20:24:06.466+00'),
                                                                                            (1699296,	'Родригес',	1694008,	1699296,	'2021-10-28 15:00:22.59+00',	'2021-10-28 15:00:22.59+00'),
                                                                                            (1691441,	'Roxas',	1694008,	1691441,	'2021-10-28 15:00:22.591+00',	'2021-10-28 15:00:22.591+00'),
                                                                                            (1725115,	'Binan',	1694008,	1725115,	'2021-10-28 15:00:22.21+00',	'2021-10-28 15:00:22.957+00'),
                                                                                            (1727995,	'Baliuag',	1694008,	1727995,	'2021-10-28 15:00:22.211+00',	'2021-10-28 15:00:22.959+00'),
                                                                                            (1682598,	'Taytay',	1694008,	1682598,	'2021-10-28 15:00:23.013+00',	'2021-10-28 15:00:23.013+00'),
                                                                                            (1680932,	'Tuguegarao',	1694008,	1680932,	'2021-10-28 15:00:23.022+00',	'2021-10-28 15:00:23.022+00'),
                                                                                            (1690233,	'San Bernardo',	1694008,	1690233,	'2021-10-28 15:00:25.803+00',	'2021-10-28 15:00:25.803+00'),
                                                                                            (485660,	'Светлый',	2017370,	485660,	'2021-06-30 19:34:09.163+00',	'2021-06-30 19:34:09.333+00'),
                                                                                            (738648,	'Трабзон',	298795,	738648,	'2021-10-29 07:30:36.235+00',	'2021-10-29 07:30:36.235+00'),
                                                                                            (694422,	'Севастополь',	2017370,	694422,	'2021-06-30 19:34:08.501+00',	'2021-06-30 19:55:38.76+00'),
                                                                                            (298806,	'Turgutlu',	298795,	298806,	'2021-10-29 07:30:36.263+00',	'2021-10-29 07:30:36.263+00'),
                                                                                            (499292,	'Салават',	2017370,	499292,	'2021-06-30 19:53:15.863+00',	'2021-06-30 19:55:39.001+00'),
                                                                                            (442301,	'Batikent',	298795,	442301,	'2021-10-29 07:30:35.302+00',	'2021-10-29 07:30:36.897+00'),
                                                                                            (824003,	'Бакиханова',	587116,	824003,	'2021-06-30 20:24:06.463+00',	'2021-06-30 20:24:06.463+00'),
                                                                                            (586968,	'Бина',	587116,	586968,	'2021-06-30 20:24:06.466+00',	'2021-06-30 20:24:06.466+00'),
                                                                                            (1691804,	'Recodo',	1694008,	1691804,	'2021-10-28 15:00:22.59+00',	'2021-10-28 15:00:22.59+00'),
                                                                                            (1691538,	'Ромблон',	1694008,	1691538,	'2021-10-28 15:00:22.592+00',	'2021-10-28 15:00:22.592+00'),
                                                                                            (1729524,	'Бакоор',	1694008,	1729524,	'2021-10-28 15:00:22.209+00',	'2021-10-28 15:00:22.956+00'),
                                                                                            (1726280,	'Батангас',	1694008,	1726280,	'2021-10-28 15:00:22.21+00',	'2021-10-28 15:00:22.958+00'),
                                                                                            (322165,	'Балыкесир',	298795,	322165,	'2021-10-29 07:30:35.303+00',	'2021-10-29 07:30:36.898+00'),
                                                                                            (1684712,	'Таклобан',	1694008,	1684712,	'2021-10-28 15:00:23.013+00',	'2021-10-28 15:00:23.013+00'),
                                                                                            (1683013,	'Tanza',	1694008,	1683013,	'2021-10-28 15:00:23.023+00',	'2021-10-28 15:00:23.023+00'),
                                                                                            (1725572,	'Benito Soliven',	1694008,	1725572,	'2021-10-28 15:00:25.801+00',	'2021-10-28 15:00:25.801+00'),
                                                                                            (611717,	'Тбилиси',	614540,	611717,	'2021-11-04 18:28:27.11+00',	'2021-11-04 18:28:27.11+00'),
                                                                                            (1690253,	'San Benito',	1694008,	1690253,	'2021-10-28 15:00:25.802+00',	'2021-10-28 15:00:25.802+00'),
                                                                                            (1692691,	'Puerto Bello',	1694008,	1692691,	'2021-10-28 15:00:23.406+00',	'2021-10-28 15:00:26.055+00'),
                                                                                            (611398,	'Цхнети',	614540,	611398,	'2021-11-04 18:28:27.116+00',	'2021-11-04 18:28:27.116+00');

DROP TABLE IF EXISTS "ClubLikes";
DROP SEQUENCE IF EXISTS "ClubLikes_id_seq";
CREATE SEQUENCE "ClubLikes_id_seq" start with 1 INCREMENT by 1 MINVALUE 1  No  MAXVALUE  CACHE 1 ;

CREATE TABLE "public"."ClubLikes" (
                                      "id" integer DEFAULT nextval('"ClubLikes_id_seq"') NOT NULL,
                                      "createdAt" timestamptz NOT NULL,
                                      "updatedAt" timestamptz NOT NULL,
                                      "userId" integer NOT NULL,
                                      "clubId" integer NOT NULL,
                                      CONSTRAINT "ClubLikes_pkey" PRIMARY KEY ("id"),
                                      CONSTRAINT "ClubLikes_userId_clubId_key" UNIQUE ("userId", "clubId")
) WITH (oids = false);

CREATE INDEX "club_likes_club_id" ON "public"."ClubLikes" USING btree ("clubId");

CREATE INDEX "club_likes_user_id" ON "public"."ClubLikes" USING btree ("userId");

INSERT INTO "ClubLikes" ("id", "createdAt", "updatedAt", "userId", "clubId") VALUES
                                                                                 (166,	'2021-08-15 15:47:04.521+00',	'2021-08-15 15:47:04.521+00',	249,	19),
                                                                                 (168,	'2021-09-22 08:31:58.473+00',	'2021-09-22 08:31:58.473+00',	465,	7),
                                                                                 (169,	'2021-09-26 09:15:31.579+00',	'2021-09-26 09:15:31.579+00',	465,	1),
                                                                                 (173,	'2021-09-29 16:32:32.633+00',	'2021-09-29 16:32:32.633+00',	249,	5),
                                                                                 (179,	'2021-10-14 18:39:07.673+00',	'2021-10-14 18:39:07.673+00',	467,	4),
                                                                                 (180,	'2021-10-14 18:50:19.85+00',	'2021-10-14 18:50:19.85+00',	467,	6),
                                                                                 (182,	'2021-10-16 15:46:20.177+00',	'2021-10-16 15:46:20.177+00',	471,	1),
                                                                                 (185,	'2021-10-30 06:38:57.443+00',	'2021-10-30 06:38:57.443+00',	467,	5),
                                                                                 (266,	'2021-11-09 19:49:39.936+00',	'2021-11-09 19:49:39.936+00',	473,	4),
                                                                                 (187,	'2021-11-02 12:42:18.696+00',	'2021-11-02 12:42:18.696+00',	242,	4),
                                                                                 (188,	'2021-11-02 12:42:20.938+00',	'2021-11-02 12:42:20.938+00',	242,	2),
                                                                                 (189,	'2021-11-02 16:11:02.119+00',	'2021-11-02 16:11:02.119+00',	467,	1),
                                                                                 (190,	'2021-11-02 17:25:56.953+00',	'2021-11-02 17:25:56.953+00',	249,	15),
                                                                                 (88,	'2021-02-28 13:33:30.33+00',	'2021-02-28 13:33:30.33+00',	411,	1),
                                                                                 (92,	'2021-03-10 14:21:08.247+00',	'2021-03-10 14:21:08.247+00',	325,	1),
                                                                                 (150,	'2021-03-16 14:13:26.426+00',	'2021-03-16 14:13:26.426+00',	326,	2),
                                                                                 (207,	'2021-11-05 10:57:19.522+00',	'2021-11-05 10:57:19.522+00',	473,	11),
                                                                                 (208,	'2021-11-05 11:00:22.097+00',	'2021-11-05 11:00:22.097+00',	473,	12),
                                                                                 (283,	'2021-11-09 20:00:33.471+00',	'2021-11-09 20:00:33.471+00',	473,	2),
                                                                                 (160,	'2021-05-15 06:17:04.647+00',	'2021-05-15 06:17:04.647+00',	244,	1),
                                                                                 (161,	'2021-05-17 18:13:55.931+00',	'2021-05-17 18:13:55.931+00',	242,	1),
                                                                                 (162,	'2021-07-27 08:08:59.806+00',	'2021-07-27 08:08:59.806+00',	326,	11),
                                                                                 (217,	'2021-11-05 16:34:15.367+00',	'2021-11-05 16:34:15.367+00',	473,	8),
                                                                                 (365,	'2021-12-02 13:40:07.899+00',	'2021-12-02 13:40:07.899+00',	509,	10),
                                                                                 (367,	'2021-12-02 13:42:39.885+00',	'2021-12-02 13:42:39.885+00',	509,	9),
                                                                                 (368,	'2021-12-14 04:48:50.686+00',	'2021-12-14 04:48:50.686+00',	507,	2),
                                                                                 (369,	'2021-12-14 04:48:56.294+00',	'2021-12-14 04:48:56.294+00',	507,	5),
                                                                                 (249,	'2021-11-06 14:24:46.553+00',	'2021-11-06 14:24:46.553+00',	473,	5);

DROP TABLE IF EXISTS "Clubs" CASCADE;
DROP SEQUENCE IF EXISTS "Clubs_id_seq";
CREATE SEQUENCE "Clubs_id_seq" start with 1 INCREMENT by 1 MINVALUE 1  No  MAXVALUE  CACHE 1 ;

CREATE TABLE "public"."Clubs" (
                                  "id" integer DEFAULT nextval('"Clubs_id_seq"') NOT NULL,
                                  "name" character varying(50) NOT NULL,
                                  "gpsLat" real,
                                  "gpsLon" real,
                                  "description" text,
                                  "holes" smallint DEFAULT '18' NOT NULL,
                                  "createdAt" timestamptz NOT NULL,
                                  "updatedAt" timestamptz NOT NULL,
                                  "address" character varying(150),
                                  "phone1" character varying(16),
                                  "phone2" character varying(16),
                                  "site" character varying(150),
                                  "ordering" integer DEFAULT '0' NOT NULL,
                                  "countryId" integer,
                                  "cityId" integer,
                                  "fieldRate" double precision,
                                  "infraRate" double precision,
                                  "serviceRate" double precision,
                                  CONSTRAINT "Clubs_pkey" PRIMARY KEY ("id")
) WITH (oids = false);

INSERT INTO "Clubs" ("id", "name", "gpsLat", "gpsLon", "description", "holes", "createdAt", "updatedAt", "address", "phone1", "phone2", "site", "ordering", "countryId", "cityId", "fieldRate", "infraRate", "serviceRate") VALUES
                                                                                                                                                                                                                                (1,	'Московский Городской Гольф Клуб',	55.72373,	37.519638,	'Московский городской Гольф Клуб – первый Гольф Клуб России, основанный в 1987 году легендарным шведским хоккеистом Свеном Тумбой-Йоханссоном. Это единственное в своем роде гольф-поле – уникальный природный оазис в центре Москвы. Клуб заслуженно считается самым красивым и экологичным спортивно-эстетическим объектом столицы.',	9,	'2020-09-14 00:35:34.384+00',	'2021-10-03 16:49:26.174+00',	'ул. Довженко, д.1 стр.1',	'+7(495)278-02-02',	NULL,	'https://mcgc.ru/',	0,	2017370,	524901,	3.77,	3.54,	3.77),
                                                                                                                                                                                                                                (10,	'Свияжские холмы',	55.729782,	48.72976,	'Чемпионское гольф-поле мирового уровня на 18 лунок. Ежегодное проведение международных, федеральных и локальных турниров. Клубный ресторан, открытый бассейн, летняя терраса, сауна.',	18,	'2021-06-30 19:32:48.606+00',	'2021-07-05 13:19:41.675+00',	'422595, Республика Татарстан, Верхнеуслонский район, д.Савино',	'+7(8432)21-66-11',	NULL,	'https://sviyaga-hills.com/activities/golf-klub-sviyazhskie-holmy',	0,	2017370,	551487,	NULL,	NULL,	NULL),
                                                                                                                                                                                                                                (4,	'Moscow Country Club',	55.861942,	36.778183,	'Первое в России и Восточной Европе профессиональное 18-луночное гольф-поле. Классическое поле parkland спроектировано легендарным Робертом Трентом Джонсом-младшим.',	18,	'2021-06-30 18:59:24.576+00',	'2021-06-30 18:59:24.576+00',	'Россия, 143430 Московская обл., Красногорский р-н, Нахабино',	'+7(495)626-59-10',	NULL,	'https://www.mccgolf.ru/',	0,	2017370,	524901,	NULL,	NULL,	NULL),
                                                                                                                                                                                                                                (7,	'Tseleevo Golf and Polo Club',	56.23093,	37.46351,	'Целеево Гольф и Поло Клуб и Горнолыжный Клуб Целеево — это мир поистине королевских видов спорта. Наслаждайтесь отдыхом в отеле, ресторанах и wellness центре Клуба Целеево с семьей, друзьями и партнерами!',	18,	'2021-06-30 19:14:17.84+00',	'2021-06-30 19:14:17.84+00',	'Московская область, Дмитровский район, д. Целеево 42 км от МКАД по Дмитровскому шоссе',	'+7(499)215-95-80',	NULL,	'https://tseleevo.ru/',	0,	2017370,	524901,	NULL,	NULL,	NULL),
                                                                                                                                                                                                                                (9,	'Links National',	56.380013,	37.16832,	'Гольф-курорт мирового класса Links National Golf Resort расположился в 60 километрах от Москвы на территории более 500 гектар, гармонично вписавшись в уникальный природный ландшафт Дмитровского района, — одного из наиболее экологически благоприятных мест Подмосковья. Именно здесь нашел своё воплощение новый, современный взгляд на активный отдых и комфортное проживание на природе. Взгляд в стиле «гольф».

Удачное расположение Links National Golf Resort вдали от суеты, его просторы и безупречная экология с лёгкостью восстанавливают утраченные горожанами связи с природой.',	18,	'2021-06-30 19:27:03.697+00',	'2021-06-30 19:57:52.22+00',	'141890, Московская область, Дмитровский район, деревня Телешово',	'+7(495)796-70-27',	NULL,	'http://www.linksgolf.ru/',	0,	2017370,	524894,	NULL,	NULL,	NULL),
                                                                                                                                                                                                                                (8,	'Завидово PGA National',	56.5315,	36.5273,	'Созданное по проекту European Golf Design, это поле – настоящее воплощение духа и облика старинных шотландских гольф-полей.',	18,	'2021-06-30 19:21:10.939+00',	'2021-06-30 19:58:02.042+00',	'Тверская область, Конаковский район, Мокшинское с\п, д.Архангельское',	'+7(903)015-00-15',	NULL,	'https://zavidovo-golf.ru/',	0,	2017370,	524894,	NULL,	NULL,	NULL),
                                                                                                                                                                                                                                (6,	'Agalarov Golf & Country Club',	55.795975,	37.009308,	'Членство в Agalarov Golf & Country Club открывает для Вас изысканный мир гольфа с непревзойденным клиентским сервисом. Пожизненное и годовое членство доступно в индивидуальном, семейном и корпоративном формате',	18,	'2021-06-30 19:09:35.77+00',	'2021-06-30 19:58:15.224+00',	'Московская обл., Истринский район, жилой комплекс Agalarov Estates, 24 км от МКАД по Новорижскому шоссе',	'+7(926)800-14-36',	NULL,	'http://agalarov.golf/',	0,	2017370,	524894,	NULL,	NULL,	NULL),
                                                                                                                                                                                                                                (2,	'Skolkovo',	55.693157,	37.38023,	'Гольф-клуб "Сколково", плод совместной работы легендарного Джека Никлауса и инвестиционной компании Millhouse – место для самых взыскательных гольфистов. В распоряжении игроков есть все: от поля мирового уровня ‘Jack Nicklaus Signature’, спроектированного совместно с ландшафтным дизайнером Линдой Бёрд, до клубного дома, построенного по проекту выдающегося японского архитектора Шигеру Бана.',	18,	'2020-09-20 15:03:47.821+00',	'2021-10-03 16:49:36.866+00',	'Сколковское шоссе, 50',	'+7(495)777-98-99',	'+7(495)280-37-61',	'https://skolkovogolf.com/',	1,	2017370,	NULL,	3.33,	3.33,	3.33),
                                                                                                                                                                                                                                (14,	'Gorki Golf and Resort',	59.661877,	29.405638,	'GORKI Golf & Resort – единственный круглогодичный гольф-курорт в Северо-Западном регионе для любителей активного образа жизни и комфортного отдыха,  который учитывает стремление успешных людей к ведению здорового образа жизни, поддержанию хорошей физической формы и сохранению семейных ценностей.



GORKI Golf & Resort предлагает гостям качественный отдых в любое время года. На территории расположились профессиональное 18-луночное поле для гольфа, четырёхзвёздочный отель со СПА комплексом и уютные коттеджи для проживания, Клубный дом с панорамным рестораном, просторный конференц-зал, детская игровая зона, спортивные площадки и множество других интерактивных локаций.',	18,	'2021-06-30 19:53:56.939+00',	'2021-06-30 19:53:56.939+00',	'188523, Ленинградская область, Ломоносовский район, деревня Горки',	'+7(812)318-09-90',	NULL,	'https://www.gorkigolf.ru/o-golf-klube/',	0,	2017370,	498817,	NULL,	NULL,	NULL),
                                                                                                                                                                                                                                (15,	'Mill Creek',	60.024006,	30.646042,	'7 аттестованных маршрутов по системе KaleidoscopeGolf, огромное количество различных турниров с ценными призами.',	18,	'2021-06-30 19:57:13.604+00',	'2021-06-30 19:57:13.604+00',	'188642, Ленинградская область, г. Всеволожск, ул. Клубная, д.1',	'+7(812)507-83-11',	NULL,	'https://millcreek.ru/golf/',	0,	2017370,	498817,	NULL,	NULL,	NULL),
                                                                                                                                                                                                                                (11,	'Pine Creek Golf Resort',	56.839104,	60.60825,	'Добро пожаловать на уральский гольф-курорт Pine Creek Golf Resort, первый и единственный на Урале комплекс с 18-луночным полем для гольфа мирового уровня.

Проект, расположенный в 20 километрах от Екатеринбурга - в Сысертском районе Свердловской области, был разработан знаменитым английским архитектором Полом Томасом.

Официальное открытие гольф-клуба состоялось в мае 2013 года. В 2015 году поле для гольфа Pine Creek Golf Resort было внесено в реестр объектов спорта Министерства спорта РФ.

Общая площадь территории – 250 гектаров, из них 75 гектаров – это игровое поле, где на ухоженных газонах размещены 59 песчаных бункеров и 15 водных преград.

Сложно остаться равнодушным при виде изумрудных просторов, гармонично вписанных в естественный ландшафт знаменитых Бажовских мест – одного из самых экологически благоприятных районов на Урале.

Станьте гостем Pine Creek Golf Resort и прикоснитесь к самому аристократичному виду спорта в мире!',	18,	'2021-06-30 19:41:25.326+00',	'2021-06-30 19:59:42.298+00',	'Россия, Свердловская область, Сысертский городской округ, село Кашино, Челябинский тракт, 172-й километр',	'+7(343)287-40-04',	NULL,	'https://www.pinecreek.ru/golf-club/',	0,	2017370,	1486209,	NULL,	NULL,	NULL),
                                                                                                                                                                                                                                (13,	'Крылатское',	55.756596,	37.40814,	'18-ти луночное гольф-поле общей протяженностью 5.181 метров удивит Вас ландшафтом и живописными видами на Москву.
Для тренировок в Вашем распоряжении поле драйвинг рейндж, тренировочные чиппинг, паттинг грин, песочный бункер. Чтобы тренировка дала отличный положительный результат мы также предлагаем две тренировочные академические лунки дальностью 386 и 240 метров.',	18,	'2021-06-30 19:51:38.988+00',	'2021-07-05 13:57:49.223+00',	'Москва, ул. Островная, д.2',	'+7(495)234-74-51',	NULL,	'http://moscowgolf.ru/',	0,	2017370,	524894,	NULL,	NULL,	NULL),
                                                                                                                                                                                                                                (16,	'Геленджик Гольф Резорт',	44.560944,	38.076683,	'Наш клуб занимает живописную территорию более 80 гектаров и включает в себя чемпионское 18 -луночное гольф-поле, клубный дом с зоной отдыха для гостей и членов клуба, Гольф-академию, закрытый клубный посёлок.

Круглогодичный курорт расположен в Голубой бухте в семи километрах от центра известного черноморского курорта Геленджик. Удалённость от морских пляжей — менее одного километра, а ближайший аэропорт находится всего в 10 минутах езды на автомобиле.

Дизайн поля, на котором можно играть круглый год, был создан самой природой. Архитектор проекта Пол Томас уверен, что «Геленджик Гольф Резорт» — это идеальное место для игры в гольф в России, и один из лучших его проектов, который станет центром притяжения для всего мирового гольфа.',	18,	'2021-06-30 20:03:13.314+00',	'2021-06-30 20:03:13.314+00',	'353465, Россия, Краснодарский Край, г. Геленджик, Геленджик Гольф Резорт',	'+7(495)120-60-55',	NULL,	'https://golfsea.ru/',	0,	2017370,	561667,	NULL,	NULL,	NULL),
                                                                                                                                                                                                                                (18,	'Dreamland Golf Club Baku',	40.375443,	49.832676,	'Dreamland Golf Club это первое и единственное в Баку поле для гольфа, спроектированное Американским архитектором Синтией Дай, ведущим архитектором компании Dye Designs.',	18,	'2021-06-30 20:28:50.958+00',	'2021-10-29 07:39:38.056+00',	'Зыхское шоссе 22 км в направлении Международного аэропорта имени Гейдара Алиева.',	'+994(0)124047404',	NULL,	'http://www.dreamlandgolfclub.com/ru/',	0,	587116,	587084,	NULL,	NULL,	NULL),
                                                                                                                                                                                                                                (5,	'Гольф и Яхт-Клуб Пестово',	56.082565,	37.610268,	'Гольф-клуб «Пестово» построен в соответствии с международными стандартами и не имеет аналогов в Москве и МО. Чемпионское поле подготовлено для игры на самом высоком уровне — здесь могут проводиться престижные турниры серии «мейджор». Профессиональные тренеры в Академии гольфа смогут обучить новичка и дать ценные советы уже опытным игрокам, а детская Академия разовьет потенциал у совсем юных гольфистов.',	18,	'2021-06-30 19:04:29.3+00',	'2021-07-05 13:18:16.504+00',	'141052, Россия, Московская область, Мытищинский район, сельское поселение Федоскинское, д.Румянцево, ул.Никольская, владение 1, строение 1',	'+7(495)739-20-20',	NULL,	'https://pestovo.golf/',	0,	2017370,	524901,	NULL,	NULL,	NULL),
                                                                                                                                                                                                                                (19,	'Петергоф',	59.85977,	29.991007,	'Гольф-Клуб «Петергоф» —
первое 18-луночное городское поле в Санкт-Петербурге и гольф-симулятор в сердце города с панорамным видом на Фонтанку',	18,	'2021-06-30 20:31:23.571+00',	'2021-10-28 15:35:04.086+00',	'198510, Санкт-Петербург, г. Петергоф, ул. Гофмейстерская д.1',	'+7(931)385-04-59',	NULL,	'http://peterhofgolf.ru/',	0,	2017370,	498817,	NULL,	NULL,	NULL),
                                                                                                                                                                                                                                (17,	'The National Azerbaijan Golf Club',	40.375443,	49.832676,	'The National Golf Club is situated in Quba in the north-west of Azerbaijan sitting at the foot of the breathtaking Caucasus Mountains. Designed by Jon Hunt from International Golf Design, this was the first golf course to open in the “land of fire”. During the summer of 2014 and less than two months after its official unveiling it was the host venue for the country’s inaugural professional event, the Azerbaijan Challenge Open.

A fully equipped purpose built clubhouse offers luxurious locker rooms, a professional shop to suit every golfers needs and a truly unique dining experience which enhances the experience at The National Azerbaijan Golf Club.

The welcoming interiors and magnificent views of the golf course with its charming surrounding landscape offer something for every taste persuasion.

Positioned within 75 hectares of idyllic Azerbaijani topography, the undulating fairways and deep bunkers are stand-out features that create a lasting impression on the eye.

Imaginatively and despite its championship credentials, landing zones, approaches and greens remain accessible, leading to a “look hard, play easy feel” which maximises enjoyment amongst all players.',	18,	'2021-06-30 20:25:41.012+00',	'2021-10-29 07:39:48.828+00',	'The Village of Eski Iqriq Quba, Azerbaijan',	'+994-12-404-3434',	NULL,	'https://qubapalace.com/en/golf',	0,	587116,	587084,	NULL,	NULL,	NULL),
                                                                                                                                                                                                                                (12,	'Форест Хиллс',	56.270786,	37.185287,	'Гольф-поле спроектировано одним из лучших архитектурных бюро Hills&Forest International Golf Course Arhitects (USA), архитекторами Стивом Форестом (Steve Forrest) и Артуром Хиллом (Arthur Hills). Название проекта полностью оправданно как фамилиями архитекторов, так и переводом на русский язык: «Лесные Холмы». Итогом работы архитекторов стало уникальное восемнадцатилуночное чемпионское гольф-поле, органично вписанное в холмистый рельеф ледникового происхождения Дмитровского района МО. Живописный природный ландшафт векового леса и равнин органично дополняют крутые обрывы, широкие овраги, озера, а также лесные речки, в которых обитает заповедная рыба хариус, добавляющая эксклюзивность данной местности. Среди всего этого великолепия и расположен наш гольф-клуб.',	18,	'2021-06-30 19:46:41.114+00',	'2021-07-05 13:18:24.246+00',	'Дмитровский район Московской области, 41-м км Рогачевского шоссе',	'+7(926)230-52-25',	NULL,	'http://www.forestgolf.ru/',	0,	2017370,	524901,	NULL,	NULL,	NULL),
                                                                                                                                                                                                                                (21,	'Carya Golf Club',	36.86546,	31.00956,	'Это чемпионское гольф-поле пролегает между соснами и эвкалиптами, через волнистые песчаные гряды с белыми бункерами. Carya - это классическое поле, уникальное для региона, с естественным культивированием вереска.. Carya Golf также предлагает своим гостям великолепный клабхаус и тренировочное поле мирового уровня. Будучи одним из самых популярных загородных клубов Турции, Carya Golf Club запустил первое полностью освещенное поле для гольфа в Европе. Все 18 лунок хорошо освещены, а это значит, что у Вас есть возможность продолжать игру даже после захода солнца и наслаждаться теплыми Турецкими ночами в полной мере.',	18,	'2021-10-29 07:37:35.072+00',	'2021-10-29 07:38:51.794+00',	'Kadriye, 07525, Taşlıburun Mevkii, 07525 Serik/Antalya',	'+902427103409',	NULL,	'http://www.caryagolf.com/',	0,	298795,	321580,	NULL,	NULL,	NULL),
                                                                                                                                                                                                                                (22,	'Tbilisi Hills',	41.65362,	44.85188,	'Гольф-клуб Tbilisi Hills расположен у подножия Кавказских гор всего в 15 минутах езды от старого Тбилиси. Гольфисты могут насладиться не только игрой на профессиональном поле c 18 лунками, но и панорамным видом на окрестности Тбилиси, гору Казбек и монастырь Шавнабада.

Автор проекта полей для гольфа – ландшафтный дизайнер и архитектор Ласси Пекка Тиландер. Его философия – создание новаторских гольф-полей с соблюдением традиций проектирования и гармоничное сочетание с окружающей средой.',	18,	'2021-11-04 18:31:51.22+00',	'2021-11-04 18:31:51.22+00',	'1313 Нижний Телеты',	'+995591040447',	NULL,	'https://tbilisihills.com/',	0,	614540,	611717,	NULL,	NULL,	NULL);

DROP TABLE IF EXISTS "Complaints";
DROP SEQUENCE IF EXISTS "Complaints_id_seq";
CREATE SEQUENCE "Complaints_id_seq" start with 1 INCREMENT by 1 MINVALUE 1  No  MAXVALUE  CACHE 1  ;

CREATE TABLE "public"."Complaints" (
                                       "id" integer DEFAULT nextval('"Complaints_id_seq"') NOT NULL,
                                       "createdAt" timestamptz NOT NULL,
                                       "updatedAt" timestamptz NOT NULL,
                                       "userId" integer NOT NULL,
                                       "indictedUserId" integer NOT NULL,
                                       "comment" text NOT NULL,
                                       CONSTRAINT "Complaints_pkey" PRIMARY KEY ("id")
) WITH (oids = false);


DROP TABLE IF EXISTS "Countries";
CREATE TABLE "public"."Countries" (
                                      "id" integer NOT NULL,
                                      "name" character varying(50) NOT NULL,
                                      "geonameId" integer NOT NULL,
                                      "createdAt" timestamptz NOT NULL,
                                      "updatedAt" timestamptz NOT NULL,
                                      CONSTRAINT "id_unique_idx" UNIQUE ("id")
) WITH (oids = false);

INSERT INTO "Countries" ("id", "name", "geonameId", "createdAt", "updatedAt") VALUES
                                                                                  (587116,	'Азербайджан',	587116,	'2021-06-30 20:23:05.959+00',	'2021-06-30 20:23:05.959+00'),
                                                                                  (1694008,	'Филиппины',	1694008,	'2021-06-30 20:27:07.074+00',	'2021-06-30 20:27:07.074+00'),
                                                                                  (630336,	'Беларусь',	630336,	'2020-09-22 15:21:29.594+00',	'2020-09-22 15:21:29.594+00'),
                                                                                  (2017370,	'Россия',	2017370,	'2020-09-22 15:27:46.33+00',	'2021-06-30 20:27:07.073+00'),
                                                                                  (3017382,	'Франция',	3017382,	'2020-09-22 15:28:04.019+00',	'2021-06-30 20:27:07.074+00'),
                                                                                  (3576916,	'о-ва Тёркс и Кайкос',	3576916,	'2021-10-28 15:44:19.204+00',	'2021-10-29 07:31:35.127+00'),
                                                                                  (953987,	'ЮАР',	953987,	'2020-09-22 16:09:41.621+00',	'2021-06-30 20:27:07.074+00'),
                                                                                  (3865483,	'Аргентина',	3865483,	'2021-06-30 20:27:07.074+00',	'2021-06-30 20:27:07.074+00'),
                                                                                  (2589581,	'Алжир',	2589581,	'2021-06-30 20:27:07.074+00',	'2021-06-30 20:27:07.074+00'),
                                                                                  (1149361,	'Афганистан',	1149361,	'2021-06-30 20:27:07.075+00',	'2021-06-30 20:27:07.075+00'),
                                                                                  (102358,	'Саудовская Аравия',	102358,	'2021-06-30 20:27:07.075+00',	'2021-06-30 20:27:07.075+00'),
                                                                                  (3351879,	'Ангола',	3351879,	'2021-06-30 20:27:07.075+00',	'2021-06-30 20:27:07.075+00'),
                                                                                  (2077456,	'Австралия',	2077456,	'2021-06-30 20:27:07.075+00',	'2021-06-30 20:27:07.075+00'),
                                                                                  (1036973,	'Мозамбик',	1036973,	'2021-10-14 18:43:59.389+00',	'2021-10-14 18:43:59.389+00'),
                                                                                  (2542007,	'Марокко',	2542007,	'2021-10-14 18:43:59.389+00',	'2021-10-14 18:43:59.389+00'),
                                                                                  (2029969,	'Монголия',	2029969,	'2021-10-14 18:43:59.39+00',	'2021-10-14 18:43:59.39+00'),
                                                                                  (617790,	'Молдова',	617790,	'2021-10-14 18:43:59.39+00',	'2021-10-14 18:43:59.368+00'),
                                                                                  (3194884,	'Черногория',	3194884,	'2021-10-14 18:43:59.39+00',	'2021-10-14 18:43:59.39+00'),
                                                                                  (2993457,	'Монако',	2993457,	'2021-10-14 18:43:59.391+00',	'2021-10-14 18:43:59.391+00'),
                                                                                  (3578097,	'Монсеррат',	3578097,	'2021-10-14 18:43:59.391+00',	'2021-10-14 18:43:59.391+00'),
                                                                                  (2078138,	'Остров Рождества',	2078138,	'2020-09-22 16:09:41.778+00',	'2020-09-22 16:29:55.925+00'),
                                                                                  (2921044,	'Германия',	2921044,	'2021-11-04 18:28:21.876+00',	'2021-11-04 18:28:21.876+00'),
                                                                                  (2635167,	'Британия',	2635167,	'2021-11-04 18:28:21.876+00',	'2021-11-04 18:28:21.876+00'),
                                                                                  (6252001,	'США',	6252001,	'2021-11-04 18:28:21.875+00',	'2021-11-04 18:28:21.875+00'),
                                                                                  (690791,	'Украина',	690791,	'2021-11-04 18:28:21.876+00',	'2021-11-04 18:28:21.876+00'),
                                                                                  (2328926,	'Нигерия',	2328926,	'2021-10-28 15:44:18.837+00',	'2021-10-29 07:31:34.461+00'),
                                                                                  (226074,	'Уганда',	226074,	'2021-11-04 18:28:21.877+00',	'2021-11-04 18:28:21.877+00'),
                                                                                  (1512440,	'Узбекистан',	1512440,	'2021-11-04 18:28:21.879+00',	'2021-11-04 18:28:21.879+00'),
                                                                                  (1522867,	'Казахстан',	1522867,	'2020-09-22 16:09:41.623+00',	'2020-09-22 17:02:35.314+00'),
                                                                                  (798549,	'Румыния',	798549,	'2020-09-22 16:09:41.622+00',	'2020-09-22 17:02:35.313+00'),
                                                                                  (2300660,	'Гана',	2300660,	'2021-11-04 18:28:21.88+00',	'2021-11-04 18:28:21.88+00'),
                                                                                  (1835841,	'Южная Корея',	1835841,	'2020-09-22 16:09:41.621+00',	'2020-09-22 17:02:35.312+00'),
                                                                                  (149590,	'Танзания',	149590,	'2021-10-28 15:44:18.838+00',	'2021-10-29 07:31:34.462+00'),
                                                                                  (3595528,	'Гватемала',	3595528,	'2021-11-04 18:28:21.88+00',	'2021-11-04 18:28:21.88+00'),
                                                                                  (1062947,	'Мадагаскар',	1062947,	'2020-09-22 16:09:41.622+00',	'2020-09-22 17:02:35.312+00'),
                                                                                  (163843,	'Сирия',	163843,	'2020-09-22 16:09:41.623+00',	'2020-09-22 17:02:35.315+00'),
                                                                                  (49518,	'Руанда',	49518,	'2020-09-22 16:09:41.623+00',	'2020-09-22 17:02:35.315+00'),
                                                                                  (2420477,	'Гвинея',	2420477,	'2021-11-04 18:28:21.881+00',	'2021-11-04 18:28:21.881+00'),
                                                                                  (390903,	'Греция',	390903,	'2021-11-04 18:28:21.88+00',	'2021-11-04 18:28:22.655+00'),
                                                                                  (3580239,	'Гренада',	3580239,	'2021-11-04 18:28:22.656+00',	'2021-11-04 18:28:22.656+00'),
                                                                                  (3577815,	'Сент-Винсент и Гренадины',	3577815,	'2021-11-04 18:28:22.656+00',	'2021-11-04 18:28:22.656+00'),
                                                                                  (3425505,	'Гренландия',	3425505,	'2021-11-04 18:28:22.656+00',	'2021-11-04 18:28:22.656+00'),
                                                                                  (614540,	'Грузия',	614540,	'2021-11-04 18:28:22.656+00',	'2021-11-04 18:28:22.703+00'),
                                                                                  (203312,	'Заир',	203312,	'2020-09-22 16:09:41.621+00',	'2021-10-29 07:31:34.462+00'),
                                                                                  (1605651,	'Таиланд',	1605651,	'2021-10-28 15:44:18.838+00',	'2021-10-29 07:31:34.462+00'),
                                                                                  (1873107,	'КНДР',	1873107,	'2020-09-22 16:09:41.622+00',	'2021-10-29 07:31:34.463+00'),
                                                                                  (1668284,	'Тайвань',	1668284,	'2021-10-28 15:44:18.839+00',	'2021-10-29 07:31:34.463+00'),
                                                                                  (2440476,	'Нигер',	2440476,	'2021-10-28 15:44:18.839+00',	'2021-10-29 07:31:34.463+00'),
                                                                                  (1282988,	'Непал',	1282988,	'2021-10-28 15:44:18.838+00',	'2021-10-29 07:31:34.742+00'),
                                                                                  (2750405,	'Нидерланды',	2750405,	'2021-10-28 15:44:18.839+00',	'2021-10-29 07:31:34.742+00'),
                                                                                  (2464461,	'Тунис',	2464461,	'2021-10-28 15:44:19.201+00',	'2021-10-29 07:31:34.743+00'),
                                                                                  (2088628,	'Папуа – Новая Гвинея',	2088628,	'2021-10-28 15:44:19.201+00',	'2021-10-29 07:31:34.743+00'),
                                                                                  (2186224,	'Новая Зеландия',	2186224,	'2021-10-28 15:44:19.203+00',	'2021-10-29 07:31:34.744+00'),
                                                                                  (2139685,	'Новая Каледония',	2139685,	'2021-10-28 15:44:19.204+00',	'2021-10-29 07:31:34.747+00'),
                                                                                  (3575174,	'Сент-Китс и Невис',	3575174,	'2021-10-28 15:44:19.204+00',	'2021-10-29 07:31:34.747+00'),
                                                                                  (298795,	'Турция',	298795,	'2021-10-28 15:44:18.837+00',	'2021-10-29 07:31:35.126+00'),
                                                                                  (1218197,	'Туркменистан',	1218197,	'2021-10-28 15:44:19.201+00',	'2021-10-29 07:31:35.127+00');

DROP TABLE IF EXISTS "Devices";
DROP SEQUENCE IF EXISTS "Devices_id_seq";
CREATE SEQUENCE "Devices_id_seq" start with 1 INCREMENT by 1 MINVALUE 1  No  MAXVALUE  CACHE 1  ;

CREATE TABLE "public"."Devices" (
                                    "id" integer DEFAULT nextval('"Devices_id_seq"') NOT NULL,
                                    "createdAt" timestamptz NOT NULL,
                                    "updatedAt" timestamptz NOT NULL,
                                    "userId" integer NOT NULL,
                                    "token" character varying(250) NOT NULL,
                                    CONSTRAINT "Devices_pkey" PRIMARY KEY ("id"),
                                    CONSTRAINT "Devices_userId_token_key" UNIQUE ("userId", "token")
) WITH (oids = false);

CREATE INDEX "devices_token" ON "public"."Devices" USING btree ("token");

CREATE INDEX "devices_user_id" ON "public"."Devices" USING btree ("userId");


DROP TABLE IF EXISTS "GameMembers";
DROP SEQUENCE IF EXISTS "Gamers_id_seq" cascade;
CREATE SEQUENCE "Gamers_id_seq" start with 1 INCREMENT by 1 MINVALUE 1  No  MAXVALUE  CACHE 1 ;

CREATE TABLE "public"."GameMembers" (
                                        "id" integer DEFAULT nextval('"Gamers_id_seq"') NOT NULL,
                                        "userId" integer NOT NULL,
                                        "gameId" integer,
                                        "status" "enum_Gamers_status" DEFAULT 'New' NOT NULL,
                                        "createdAt" timestamptz NOT NULL,
                                        "updatedAt" timestamptz NOT NULL,
                                        CONSTRAINT "GameMembers_userId_gameId" UNIQUE ("userId", "gameId")
) WITH (oids = false);

INSERT INTO "GameMembers" ("id", "userId", "gameId", "status", "createdAt", "updatedAt") VALUES
                                                                                             (402,	467,	121,	'New',	'2021-10-29 21:17:41.795+00',	'2021-10-29 21:17:41.795+00'),
                                                                                             (403,	467,	152,	'New',	'2021-10-30 06:24:10.727+00',	'2021-10-30 06:24:10.727+00'),
                                                                                             (413,	467,	123,	'New',	'2021-11-02 05:42:11.835+00',	'2021-11-02 05:42:11.835+00'),
                                                                                             (418,	242,	121,	'New',	'2021-11-02 12:42:08.583+00',	'2021-11-02 12:42:08.583+00'),
                                                                                             (431,	465,	165,	'New',	'2021-11-08 14:20:03.46+00',	'2021-11-08 14:20:03.46+00'),
                                                                                             (432,	249,	135,	'New',	'2021-11-16 19:33:01.31+00',	'2021-11-16 19:33:01.31+00'),
                                                                                             (433,	507,	160,	'New',	'2021-11-30 16:49:56.974+00',	'2021-11-30 16:49:56.974+00'),
                                                                                             (434,	509,	123,	'New',	'2021-12-02 13:33:21.446+00',	'2021-12-02 13:33:21.446+00'),
                                                                                             (435,	509,	173,	'New',	'2021-12-02 13:34:59.81+00',	'2021-12-02 13:34:59.81+00'),
                                                                                             (436,	509,	172,	'New',	'2021-12-02 13:36:33.909+00',	'2021-12-02 13:36:33.909+00'),
                                                                                             (437,	507,	121,	'New',	'2021-12-14 04:03:55.955+00',	'2021-12-14 04:03:55.955+00'),
                                                                                             (333,	244,	121,	'New',	'2021-04-11 12:03:27.562+00',	'2021-04-11 12:03:27.562+00'),
                                                                                             (334,	242,	122,	'New',	'2021-04-23 17:43:01.799+00',	'2021-04-23 17:43:01.799+00'),
                                                                                             (338,	244,	123,	'New',	'2021-05-15 06:46:22.295+00',	'2021-05-15 06:46:22.295+00'),
                                                                                             (339,	244,	122,	'New',	'2021-05-15 06:47:11.233+00',	'2021-05-15 06:47:11.233+00'),
                                                                                             (346,	326,	121,	'New',	'2021-05-17 08:19:48.521+00',	'2021-05-17 08:19:48.521+00'),
                                                                                             (350,	326,	122,	'New',	'2021-05-19 19:26:50.355+00',	'2021-05-19 19:26:50.355+00'),
                                                                                             (351,	325,	121,	'New',	'2021-09-18 13:56:44.077+00',	'2021-09-18 13:56:44.077+00'),
                                                                                             (352,	325,	122,	'New',	'2021-09-20 13:48:20.393+00',	'2021-09-20 13:48:20.393+00'),
                                                                                             (353,	465,	121,	'New',	'2021-09-22 08:06:32.93+00',	'2021-09-22 08:06:32.93+00'),
                                                                                             (354,	465,	123,	'New',	'2021-09-22 08:21:28.394+00',	'2021-09-22 08:21:28.394+00'),
                                                                                             (359,	467,	132,	'New',	'2021-10-03 17:59:07.07+00',	'2021-10-03 17:59:07.07+00'),
                                                                                             (361,	467,	131,	'New',	'2021-10-03 17:59:15.847+00',	'2021-10-03 17:59:15.847+00'),
                                                                                             (363,	467,	133,	'New',	'2021-10-03 17:59:16.451+00',	'2021-10-03 17:59:16.451+00'),
                                                                                             (364,	473,	123,	'New',	'2021-10-19 19:07:34.397+00',	'2021-10-19 19:07:34.397+00'),
                                                                                             (400,	473,	121,	'New',	'2021-10-28 18:59:32.378+00',	'2021-10-28 18:59:32.378+00'),
                                                                                             (401,	473,	135,	'New',	'2021-10-28 19:28:03.625+00',	'2021-10-28 19:28:03.625+00');

DROP TABLE IF EXISTS "Games";
DROP SEQUENCE IF EXISTS "Games_id_seq";
CREATE SEQUENCE "Games_id_seq" start with 1 INCREMENT by 1 MINVALUE 1  No  MAXVALUE  CACHE 1 ;

CREATE TABLE "public"."Games" (
                                  "id" integer DEFAULT nextval('"Games_id_seq"') NOT NULL,
                                  "userId" integer NOT NULL,
                                  "clubId" integer NOT NULL,
                                  "date" date NOT NULL,
                                  "holes" smallint DEFAULT '18' NOT NULL,
                                  "gamersCount" smallint DEFAULT '4' NOT NULL,
                                  "reserved" boolean DEFAULT false NOT NULL,
                                  "memberPrice" real NOT NULL,
                                  "guestPrice" real,
                                  "createdAt" timestamptz NOT NULL,
                                  "updatedAt" timestamptz NOT NULL,
                                  "time" character varying(8),
                                  "description" text,
                                  "name" character varying(100),
                                  "onlyMembers" boolean DEFAULT false NOT NULL,
                                  CONSTRAINT "Games_pkey" PRIMARY KEY ("id")
) WITH (oids = false);

INSERT INTO "Games" ("id", "userId", "clubId", "date", "holes", "gamersCount", "reserved", "memberPrice", "guestPrice", "createdAt", "updatedAt", "time", "description", "name", "onlyMembers") VALUES
                                                                                                                                                                                                    (143,	473,	8,	'2021-01-12',	9,	2,	'0',	800,	1000,	'2021-10-24 11:43:40.862+00',	'2021-10-24 11:43:40.862+00',	'22:00',	'Мое описание',	'Мое название',	'0'),
                                                                                                                                                                                                    (144,	473,	8,	'2021-01-12',	9,	2,	'0',	800,	1000,	'2021-10-24 11:44:10.44+00',	'2021-10-24 11:44:10.44+00',	'22:00',	'Мое описание',	'Мое название',	'0'),
                                                                                                                                                                                                    (145,	473,	1,	'2022-01-01',	9,	2,	'0',	6559,	36,	'2021-10-24 11:54:01.166+00',	'2021-10-24 11:54:01.166+00',	'20:00',	'Имимиии',	'Поипро',	'0'),
                                                                                                                                                                                                    (146,	473,	1,	'2022-01-01',	9,	2,	'0',	6559,	36,	'2021-10-24 11:54:07.207+00',	'2021-10-24 11:54:07.207+00',	'20:00',	'Имимиии',	'Поипро',	'0'),
                                                                                                                                                                                                    (147,	473,	1,	'2022-01-01',	9,	2,	'0',	6559,	36,	'2021-10-24 11:54:25.635+00',	'2021-10-24 11:54:25.635+00',	'20:00',	'Имимиии',	'Поипро',	'0'),
                                                                                                                                                                                                    (148,	473,	1,	'2022-01-01',	9,	2,	'0',	855,	556,	'2021-10-24 11:55:24.148+00',	'2021-10-24 11:55:24.148+00',	'20:00',	'Ртим',	'Импр',	'0'),
                                                                                                                                                                                                    (149,	473,	1,	'2022-01-01',	18,	2,	'0',	800,	1000,	'2021-10-24 12:36:39.78+00',	'2021-10-24 12:36:39.78+00',	'20:00',	'Описание',	'Название',	'0'),
                                                                                                                                                                                                    (150,	467,	1,	'2022-01-01',	18,	3,	'0',	10000,	50000,	'2021-10-26 07:15:35.983+00',	'2021-10-26 07:15:35.983+00',	'20:00',	'Очень холодно играть ',	'Новая зимняя игра ',	'0'),
                                                                                                                                                                                                    (151,	467,	1,	'2022-01-01',	18,	4,	'0',	20000,	40000,	'2021-10-26 07:16:27.252+00',	'2021-10-26 07:16:27.252+00',	'20:00',	'Лататаптптпт',	'Тестовая игра зимняяч',	'0'),
                                                                                                                                                                                                    (152,	467,	7,	'2022-01-01',	9,	2,	'0',	5000,	1000,	'2021-10-29 21:23:57.317+00',	'2021-10-29 21:23:57.317+00',	'20:00',	'Тест длинно ',	'Тест',	'0'),
                                                                                                                                                                                                    (153,	467,	1,	'2022-01-01',	9,	2,	'0',	5058,	58500,	'2021-10-30 06:24:01.638+00',	'2021-10-30 06:24:01.638+00',	'20:00',	'Bsdbbdfbbf',	'Tjrjfn',	'0'),
                                                                                                                                                                                                    (154,	473,	1,	'2022-01-01',	9,	2,	'0',	1000,	1000,	'2021-10-30 11:45:27.105+00',	'2021-10-30 11:45:27.105+00',	'20:00',	'Описание',	NULL,	'0'),
                                                                                                                                                                                                    (155,	473,	1,	'2022-01-01',	9,	2,	'0',	1000,	1000,	'2021-10-30 11:47:40.661+00',	'2021-10-30 11:47:40.661+00',	'20:00',	'Описание',	NULL,	'0'),
                                                                                                                                                                                                    (156,	473,	1,	'2022-01-01',	9,	2,	'0',	1,	1,	'2021-10-30 11:48:23.53+00',	'2021-10-30 11:48:23.53+00',	'20:00',	'Описание',	NULL,	'0'),
                                                                                                                                                                                                    (157,	473,	1,	'2022-01-01',	9,	2,	'0',	1,	1,	'2021-10-30 11:48:50.203+00',	'2021-10-30 11:48:50.203+00',	'20:00',	'О',	NULL,	'0'),
                                                                                                                                                                                                    (121,	244,	1,	'2021-04-21',	9,	4,	'0',	1000,	2000,	'2021-04-11 12:03:05.403+00',	'2021-04-11 12:03:11.679+00',	'20:02:00',	'Играем все вместе',	NULL,	'0'),
                                                                                                                                                                                                    (122,	242,	1,	'2021-04-24',	9,	4,	'0',	100000,	1e+07,	'2021-04-23 17:42:15.919+00',	'2021-04-23 17:42:19.481+00',	'23:11:00',	'Кот и ещё раз кот !!!!',	NULL,	'0'),
                                                                                                                                                                                                    (123,	244,	1,	'2021-04-25',	9,	3,	'0',	744,	444,	'2021-04-25 06:23:23.384+00',	'2021-04-25 06:23:25.275+00',	'14:22:58',	'Самая лучшая игра в мире ',	NULL,	'0'),
                                                                                                                                                                                                    (158,	473,	1,	'2022-01-01',	9,	2,	'0',	1,	1,	'2021-10-30 11:49:59.915+00',	'2021-10-30 11:49:59.915+00',	'20:00',	'О',	NULL,	'0'),
                                                                                                                                                                                                    (131,	465,	1,	'2021-09-22',	18,	2,	'0',	200,	1000,	'2021-09-22 08:06:54.195+00',	'2021-09-22 08:06:58.495+00',	'11:06:38',	'Test',	'Test',	'0'),
                                                                                                                                                                                                    (159,	473,	1,	'2022-01-01',	9,	2,	'0',	1,	1,	'2021-10-30 11:59:22.762+00',	'2021-10-30 11:59:22.762+00',	'20:00',	'О',	'Наза',	'0'),
                                                                                                                                                                                                    (160,	473,	2,	'2022-01-01',	9,	2,	'0',	1,	1,	'2021-10-30 12:00:02.518+00',	'2021-10-30 12:00:02.518+00',	'20:00',	'Ро',	'Тоо',	'0'),
                                                                                                                                                                                                    (132,	467,	1,	'2021-10-10',	5,	0,	'1',	1000,	10000,	'2021-10-03 15:18:09.506+00',	'2021-10-03 15:26:23.375+00',	'string',	'создал игру, пока еду в поезде: +1',	'тестовый клуб №1 by End',	'0'),
                                                                                                                                                                                                    (133,	467,	1,	'2021-10-10',	5,	0,	'1',	1000,	10000,	'2021-10-03 16:25:52.541+00',	'2021-10-03 16:25:52.541+00',	'string',	'создал игру, пока еду в поезде',	'тестовый клуб №1 by End',	'0'),
                                                                                                                                                                                                    (134,	467,	1,	'2021-10-10',	5,	0,	'1',	1000,	10000,	'2021-10-03 17:55:02.742+00',	'2021-10-03 17:55:02.742+00',	'string',	'создал игру, пока еду в поезде',	'тестовый клуб №1 by End',	'0'),
                                                                                                                                                                                                    (135,	473,	1,	'2021-10-21',	18,	3,	'0',	10,	10,	'2021-10-18 19:17:03.158+00',	'2021-10-18 19:17:03.158+00',	'22:16:00',	'Тест',	'Тест',	'0'),
                                                                                                                                                                                                    (136,	473,	1,	'2021-10-18',	18,	2,	'0',	10,	10,	'2021-10-18 20:00:58.461+00',	'2021-10-18 20:00:58.461+00',	'22:59:55',	'Тест',	'Тест',	'0'),
                                                                                                                                                                                                    (137,	473,	1,	'2021-10-18',	18,	2,	'0',	1,	1,	'2021-10-18 20:03:46.556+00',	'2021-10-18 20:03:46.556+00',	'23:03:32',	'Тест',	'Тест',	'0'),
                                                                                                                                                                                                    (138,	473,	1,	'2021-10-18',	18,	2,	'0',	65,	25,	'2021-10-18 20:37:40.285+00',	'2021-10-18 20:37:40.285+00',	'23:37:15',	'Оро',	'Оло',	'0'),
                                                                                                                                                                                                    (139,	473,	1,	'2021-10-19',	18,	2,	'0',	8,	8,	'2021-10-19 15:52:44.152+00',	'2021-10-19 15:52:44.152+00',	'18:52:31',	'Втвл',	'Ата',	'0'),
                                                                                                                                                                                                    (140,	467,	1,	'2021-10-19',	18,	2,	'0',	3000,	5000,	'2021-10-19 15:54:02.514+00',	'2021-10-19 15:54:12.427+00',	'18:53:44',	'Тетаосос',	'Ьест',	'0'),
                                                                                                                                                                                                    (141,	473,	1,	'2021-10-19',	18,	2,	'0',	233,	223,	'2021-10-19 18:16:41.473+00',	'2021-10-19 18:16:41.473+00',	'21:16:28',	'Оприпоооо',	'Таромеои',	'0'),
                                                                                                                                                                                                    (142,	473,	1,	'2022-01-01',	9,	2,	'0',	655,	558,	'2021-10-24 11:41:44.957+00',	'2021-10-24 11:41:44.957+00',	'20:00',	'Мит',	'Pull Request',	'0'),
                                                                                                                                                                                                    (161,	473,	1,	'2022-01-01',	9,	2,	'0',	1,	1,	'2021-10-30 12:01:40.221+00',	'2021-10-30 12:01:40.221+00',	'20:00',	'Т. ',	' Ти',	'0'),
                                                                                                                                                                                                    (162,	473,	1,	'2021-01-01',	9,	2,	'0',	1,	1,	'2021-10-30 12:03:07.856+00',	'2021-10-30 12:03:07.856+00',	'20:00',	'Иьи',	'Иьт',	'0'),
                                                                                                                                                                                                    (163,	473,	1,	'2021-01-10',	9,	2,	'0',	1,	1,	'2021-10-30 12:03:37.954+00',	'2021-10-30 12:03:37.954+00',	'20:00',	'Ити',	'Рор',	'0'),
                                                                                                                                                                                                    (164,	473,	1,	'2021-12-10',	9,	2,	'0',	1,	1,	'2021-10-30 12:04:00.606+00',	'2021-10-30 12:04:00.606+00',	'20:00',	'Ттт',	'Роо',	'0'),
                                                                                                                                                                                                    (165,	473,	13,	'2022-01-01',	9,	2,	'0',	1,	1,	'2021-10-30 12:09:20.528+00',	'2021-10-30 12:09:20.528+00',	'20:00',	'О',	'Название игры',	'0'),
                                                                                                                                                                                                    (166,	473,	1,	'2021-10-31',	9,	2,	'0',	1,	1,	'2021-10-30 12:34:41.249+00',	'2021-10-30 12:34:41.249+00',	'20:00',	'Лопиппр',	'Рлоаол',	'0'),
                                                                                                                                                                                                    (167,	467,	1,	'2022-01-01',	9,	2,	'0',	10000,	7888,	'2021-11-02 16:24:57.359+00',	'2021-11-02 16:24:57.359+00',	'20:00',	'Твьаьммь',	'Алалал',	'0'),
                                                                                                                                                                                                    (168,	467,	1,	'2022-01-01',	18,	4,	'0',	10001,	58595,	'2021-11-02 16:26:02.159+00',	'2021-11-02 16:26:02.159+00',	'20:00',	'Тест 123 описание',	'Тест 123тест',	'0'),
                                                                                                                                                                                                    (169,	473,	15,	'2022-01-01',	9,	2,	'0',	1000,	1000,	'2021-11-03 20:20:00.264+00',	'2021-11-03 20:20:00.264+00',	'20:00',	'Описание',	'Моя игра',	'0'),
                                                                                                                                                                                                    (170,	473,	15,	'2022-01-01',	9,	2,	'0',	1,	1,	'2021-11-03 20:21:26.748+00',	'2021-11-03 20:21:26.748+00',	'20:00',	'О',	'Моя игра 2',	'0'),
                                                                                                                                                                                                    (171,	473,	15,	'2022-01-01',	9,	2,	'0',	1,	1,	'2021-11-03 21:05:57.445+00',	'2021-11-03 21:05:57.445+00',	'20:00',	'Т',	'Моя игра 3',	'0'),
                                                                                                                                                                                                    (172,	473,	1,	'2022-01-01',	9,	2,	'0',	1000,	NULL,	'2021-11-05 14:28:20.481+00',	'2021-11-05 14:28:20.481+00',	'20:00',	'Р',	'Моя игра 5',	'0'),
                                                                                                                                                                                                    (173,	465,	1,	'2022-01-01',	9,	2,	'0',	85858,	NULL,	'2021-11-08 14:17:55.049+00',	'2021-11-08 14:17:55.049+00',	'20:00',	'Твоалм',	'Алалал',	'0');

DROP TABLE IF EXISTS "Images";
DROP SEQUENCE IF EXISTS "Images_id_seq";
CREATE SEQUENCE "Images_id_seq" start with 1 INCREMENT by 1 MINVALUE 1  No  MAXVALUE  CACHE 1 ;

CREATE TABLE "public"."Images" (
                                   "id" integer DEFAULT nextval('"Images_id_seq"') NOT NULL,
                                   "clubId" integer,
                                   "title" character varying(100),
                                   "description" text,
                                   "format" character varying(16),
                                   "image" character varying(250) NOT NULL,
                                   "cover" character varying(250) NOT NULL,
                                   "createdAt" timestamptz NOT NULL,
                                   "updatedAt" timestamptz NOT NULL,
                                   "userId" integer,
                                   CONSTRAINT "Images_pkey" PRIMARY KEY ("id")
) WITH (oids = false);

INSERT INTO "Images" ("id", "clubId", "title", "description", "format", "image", "cover", "createdAt", "updatedAt", "userId") VALUES
                                                                                                                                  (1,	NULL,	NULL,	NULL,	'image/jpeg',	'upload/1600702121076.jpg',	'false',	'2020-09-21 15:28:41.07+00',	'2020-09-21 15:28:41.07+00',	NULL),
                                                                                                                                  (2,	NULL,	NULL,	NULL,	'image/jpeg',	'upload/1600702164155.jpg',	'false',	'2020-09-21 15:29:24.148+00',	'2020-09-21 15:29:24.148+00',	NULL),
                                                                                                                                  (5,	2,	NULL,	NULL,	'image/jpeg',	'/upload/1619622207854.jpeg',	'true',	'2021-04-28 15:03:27.848+00',	'2021-04-28 15:03:27.848+00',	NULL),
                                                                                                                                  (4,	1,	NULL,	NULL,	'image/jpeg',	'/upload/1619631597762.jpg',	'true',	'2020-09-21 15:32:07.942+00',	'2021-04-28 17:39:57.759+00',	NULL),
                                                                                                                                  (6,	19,	'Петергоф',	NULL,	'image/jpeg',	'/upload/1625491025280.jpg',	'true',	'2021-07-05 13:17:05.277+00',	'2021-07-05 13:17:05.277+00',	NULL),
                                                                                                                                  (7,	6,	'Агаларов',	NULL,	'image/jpeg',	'/upload/1625491990106.jpg',	'true',	'2021-07-05 13:33:10.089+00',	'2021-07-05 13:33:10.089+00',	NULL),
                                                                                                                                  (10,	17,	NULL,	NULL,	'image/jpeg',	'/upload/1625492168968.jpg',	'true',	'2021-07-05 13:36:08.967+00',	'2021-07-05 13:36:08.967+00',	NULL),
                                                                                                                                  (9,	14,	NULL,	NULL,	'image/jpeg',	'/upload/1625492119091.jpg',	'true',	'2021-07-05 13:35:19.088+00',	'2021-07-05 13:36:17.812+00',	NULL),
                                                                                                                                  (8,	15,	'Mill Creek',	NULL,	'image/jpeg',	'/upload/1625492043463.jpg',	'true',	'2021-07-05 13:34:03.458+00',	'2021-07-05 13:36:26.453+00',	NULL),
                                                                                                                                  (11,	4,	NULL,	NULL,	'image/jpeg',	'/upload/1625492908787.jpg',	'true',	'2021-07-05 13:48:28.786+00',	'2021-07-05 13:48:28.786+00',	NULL),
                                                                                                                                  (12,	5,	NULL,	NULL,	'image/jpeg',	'/upload/1625492957181.jpg',	'true',	'2021-07-05 13:49:17.179+00',	'2021-07-05 13:49:17.179+00',	NULL),
                                                                                                                                  (13,	7,	'Целеево',	NULL,	'image/jpeg',	'/upload/1625493004756.jpg',	'true',	'2021-07-05 13:50:04.755+00',	'2021-07-05 13:50:08.994+00',	NULL),
                                                                                                                                  (14,	8,	'Завидово',	NULL,	'image/jpeg',	'/upload/1625493061796.jpg',	'true',	'2021-07-05 13:51:01.784+00',	'2021-07-05 13:51:01.784+00',	NULL),
                                                                                                                                  (15,	9,	'Линкс',	NULL,	'image/jpeg',	'/upload/1625493143681.jpg',	'true',	'2021-07-05 13:52:23.68+00',	'2021-07-05 13:52:23.68+00',	NULL),
                                                                                                                                  (16,	10,	'Свияжские холмы',	NULL,	'image/jpeg',	'/upload/1625493240751.jpg',	'true',	'2021-07-05 13:54:00.75+00',	'2021-07-05 13:54:00.75+00',	NULL),
                                                                                                                                  (17,	11,	'Pine creek',	NULL,	'image/jpeg',	'/upload/1625493285567.jpg',	'true',	'2021-07-05 13:54:45.566+00',	'2021-07-05 13:54:45.566+00',	NULL),
                                                                                                                                  (18,	12,	'Forest Hills',	NULL,	'image/jpeg',	'/upload/1625493331492.jpg',	'true',	'2021-07-05 13:55:31.491+00',	'2021-07-05 13:55:31.491+00',	NULL),
                                                                                                                                  (19,	13,	'Крылатское',	NULL,	'image/jpeg',	'/upload/1625493404900.jpg',	'true',	'2021-07-05 13:56:44.898+00',	'2021-07-05 13:56:44.898+00',	NULL),
                                                                                                                                  (20,	16,	'Геленджик',	NULL,	'image/jpeg',	'/upload/1625493553606.jpg',	'true',	'2021-07-05 13:59:13.604+00',	'2021-07-05 13:59:13.604+00',	NULL),
                                                                                                                                  (21,	16,	'Ресторан',	NULL,	'image/jpeg',	'/upload/1625493562088.jpg',	'false',	'2021-07-05 13:59:22.086+00',	'2021-07-05 13:59:22.086+00',	NULL),
                                                                                                                                  (22,	18,	NULL,	NULL,	'image/jpeg',	'/upload/1625493613882.jpg',	'true',	'2021-07-05 14:00:13.881+00',	'2021-07-05 14:00:13.881+00',	NULL),
                                                                                                                                  (23,	21,	'Carya golf',	NULL,	'image/jpeg',	'/upload/1635493072497.jpg',	'false',	'2021-10-29 07:37:52.493+00',	'2021-10-29 07:37:52.493+00',	NULL),
                                                                                                                                  (24,	22,	'Tbilisi Hills',	NULL,	'image/jpeg',	'/upload/1636050756559.jpg',	'false',	'2021-11-04 18:32:36.543+00',	'2021-11-04 18:32:36.543+00',	NULL);

DROP TABLE IF EXISTS "Members";
DROP SEQUENCE IF EXISTS "Members_id_seq";
CREATE SEQUENCE "Members_id_seq" start with 1 INCREMENT by 1 MINVALUE 1  No  MAXVALUE  CACHE 1 ;

CREATE TABLE "public"."Members" (
                                    "userId" integer NOT NULL,
                                    "clubId" integer NOT NULL,
                                    "createdAt" timestamptz NOT NULL,
                                    "updatedAt" timestamptz NOT NULL,
                                    "id" integer DEFAULT nextval('"Members_id_seq"') NOT NULL,
                                    CONSTRAINT "Members_pkey" PRIMARY KEY ("userId", "clubId")
) WITH (oids = false);

INSERT INTO "Members" ("userId", "clubId", "createdAt", "updatedAt", "id") VALUES
                                                                               (5,	1,	'2020-09-14 19:22:20.037946+00',	'2020-09-14 19:22:20.037946+00',	1),
                                                                               (242,	1,	'2021-04-05 11:20:10.074+00',	'2021-04-05 11:20:10.074+00',	2),
                                                                               (242,	2,	'2021-04-09 07:27:51.293+00',	'2021-04-09 07:27:51.293+00',	6),
                                                                               (244,	2,	'2021-04-11 11:56:26.873+00',	'2021-04-11 11:56:26.873+00',	10),
                                                                               (244,	1,	'2021-04-11 11:56:37.556+00',	'2021-04-11 11:56:37.556+00',	11),
                                                                               (322,	2,	'2021-04-11 12:03:43.827+00',	'2021-04-11 12:03:43.827+00',	12),
                                                                               (322,	1,	'2021-04-11 12:04:37.925+00',	'2021-04-11 12:04:37.925+00',	13),
                                                                               (295,	1,	'2021-04-11 12:08:01.567+00',	'2021-04-11 12:08:01.567+00',	14),
                                                                               (295,	2,	'2021-04-11 12:16:39.767+00',	'2021-04-11 12:16:39.767+00',	15),
                                                                               (326,	2,	'2021-04-28 19:07:47.455+00',	'2021-04-28 19:07:47.455+00',	16),
                                                                               (326,	1,	'2021-04-28 19:07:49.71+00',	'2021-04-28 19:07:49.71+00',	17),
                                                                               (465,	6,	'2021-09-22 08:08:23.493+00',	'2021-09-22 08:08:23.493+00',	18),
                                                                               (465,	2,	'2021-09-22 08:08:25.306+00',	'2021-09-22 08:08:25.306+00',	19),
                                                                               (465,	1,	'2021-09-22 08:08:27.453+00',	'2021-09-22 08:08:27.453+00',	20),
                                                                               (465,	12,	'2021-09-22 08:28:59.044+00',	'2021-09-22 08:28:59.044+00',	21),
                                                                               (325,	1,	'2021-10-03 16:40:07.048+00',	'2021-10-03 16:40:07.048+00',	25),
                                                                               (325,	2,	'2021-10-03 16:40:54.484+00',	'2021-10-03 16:40:54.484+00',	26),
                                                                               (467,	2,	'2021-10-25 12:46:34.05+00',	'2021-10-25 12:46:34.05+00',	27),
                                                                               (467,	1,	'2021-11-03 05:46:20.338+00',	'2021-11-03 05:46:20.338+00',	32);

DROP TABLE IF EXISTS "Referees";
DROP SEQUENCE IF EXISTS "Referees_id_seq";
CREATE SEQUENCE "Referees_id_seq" start with 1 INCREMENT by 1 MINVALUE 1  No  MAXVALUE  CACHE 1 ;

CREATE TABLE "public"."Referees" (
                                     "id" integer DEFAULT nextval('"Referees_id_seq"') NOT NULL,
                                     "userId" integer NOT NULL,
                                     "championshipId" integer NOT NULL,
                                     "createdAt" timestamptz NOT NULL,
                                     "updatedAt" timestamptz NOT NULL
) WITH (oids = false);

INSERT INTO "Referees" ("id", "userId", "championshipId", "createdAt", "updatedAt") VALUES
                                                                                        (1,	7,	1,	'2020-09-15 00:03:58.333758+00',	'2020-09-15 00:03:58.333758+00'),
                                                                                        (3,	467,	3,	'2021-10-26 07:12:13.007+00',	'2021-10-26 07:12:13.007+00');

DROP TABLE IF EXISTS "Reviews";
DROP SEQUENCE IF EXISTS "Reviews_id_seq";
CREATE SEQUENCE "Reviews_id_seq" start with 1 INCREMENT by 1 MINVALUE 1  No  MAXVALUE  CACHE 1 ;

CREATE TABLE "public"."Reviews" (
                                    "id" integer DEFAULT nextval('"Reviews_id_seq"') NOT NULL,
                                    "userId" integer NOT NULL,
                                    "clubId" integer,
                                    "description" text,
                                    "createdAt" timestamptz NOT NULL,
                                    "updatedAt" timestamptz NOT NULL,
                                    "answer" text,
                                    "fieldRate" smallint NOT NULL,
                                    "infraRate" smallint NOT NULL,
                                    "serviceRate" smallint NOT NULL,
                                    CONSTRAINT "Reviews_pkey" PRIMARY KEY ("id")
) WITH (oids = false);

INSERT INTO "Reviews" ("id", "userId", "clubId", "description", "createdAt", "updatedAt", "answer", "fieldRate", "infraRate", "serviceRate") VALUES
                                                                                                                                                 (9,	244,	1,	'skfjnsdlkfnglsdfknglsdfkgm skldfjng klsjdfnglksdjnfglksdjnfg kljsdnfglkjsdnfg kljsdnglkjsdnfglksd kljsdfngBla bla bla',	'2021-03-15 14:39:34.176+00',	'2021-03-15 14:39:34.176+00',	NULL,	5,	5,	5),
                                                                                                                                                 (19,	244,	1,	'M,,m',	'2021-03-16 08:03:45.871+00',	'2021-03-16 08:03:45.871+00',	NULL,	2,	1,	2),
                                                                                                                                                 (21,	244,	1,	'Lkjnlnj',	'2021-03-16 08:24:08.716+00',	'2021-03-16 08:24:08.716+00',	NULL,	5,	5,	5),
                                                                                                                                                 (22,	244,	1,	'Cfvd’;as;legman sdklfjnglkdsfn glkdsjfgnlkds kljdfngkljdsnf kjsdkfjglkjdsfng kldjsfngkldsjng kljsdnfg lskfjdng doglike lkdjfng kissing ldksjfn gaskin sdkljfn g',	'2021-03-16 08:29:44.516+00',	'2021-03-16 08:29:44.516+00',	NULL,	5,	5,	5),
                                                                                                                                                 (23,	244,	1,	'.,mn .,m',	'2021-03-16 08:29:57.779+00',	'2021-03-16 08:29:57.779+00',	NULL,	5,	5,	5),
                                                                                                                                                 (24,	244,	1,	'M,',	'2021-03-16 08:31:30.064+00',	'2021-03-16 08:31:30.064+00',	NULL,	5,	5,	5),
                                                                                                                                                 (25,	244,	2,	'Vbncgn',	'2021-03-16 08:39:32.695+00',	'2021-03-16 08:39:32.695+00',	NULL,	4,	4,	4),
                                                                                                                                                 (26,	244,	2,	'Vbvbv',	'2021-03-16 08:42:45.328+00',	'2021-03-16 08:42:45.328+00',	NULL,	1,	1,	1),
                                                                                                                                                 (27,	325,	1,	'Ок клуб',	'2021-03-16 14:09:47.379+00',	'2021-03-16 14:09:47.379+00',	NULL,	5,	3,	5),
                                                                                                                                                 (28,	244,	1,	'Клубы супер',	'2021-03-16 14:31:47.77+00',	'2021-03-16 14:31:47.77+00',	NULL,	3,	2,	3),
                                                                                                                                                 (29,	244,	1,	'Лллло',	'2021-03-16 14:32:09.936+00',	'2021-03-16 14:32:09.936+00',	NULL,	2,	3,	2),
                                                                                                                                                 (30,	244,	1,	'skfjnsdlkfnglsdfknglsdfkgm skldfjng klsjdfnglksdjnfglksdjnfg kljsdnfglkjsdnfg kljsdnglkjsdnfglksd kljsdfngBla bla bla',	'2021-03-17 03:01:33.93+00',	'2021-03-17 03:01:33.93+00',	NULL,	1,	1,	1),
                                                                                                                                                 (31,	244,	1,	'skfjnsdlkfnglsdfknglsdfkgm skldfjng klsjdfnglksdjnfglksdjnfg kljsdnfglkjsdnfg kljsdnglkjsdnfglksd kljsdfngBla bla bla',	'2021-03-17 03:01:47.031+00',	'2021-03-17 03:01:47.031+00',	NULL,	1,	1,	1),
                                                                                                                                                 (33,	467,	1,	'тест отзыва №1 в поезде',	'2021-10-03 16:48:37.34+00',	'2021-10-03 16:48:37.34+00',	'string',	5,	5,	5),
                                                                                                                                                 (34,	467,	1,	'тест отзыва №1 в поезде',	'2021-10-03 16:49:26.144+00',	'2021-10-03 16:49:26.144+00',	'string',	5,	5,	5),
                                                                                                                                                 (35,	467,	2,	'тест отзыва №1 в поезде',	'2021-10-03 16:49:36.833+00',	'2021-10-03 16:49:36.833+00',	'string',	5,	5,	5);

DROP TABLE IF EXISTS "SequelizeMeta";
CREATE TABLE "public"."SequelizeMeta" (
                                          "name" character varying(255) NOT NULL,
                                          CONSTRAINT "SequelizeMeta_pkey" PRIMARY KEY ("name")
) WITH (oids = false);

INSERT INTO "SequelizeMeta" ("name") VALUES
                                         ('20200914000001-add-fields-to-user-table.js'),
                                         ('20201201000001-add-fields-to-user-table.js'),
                                         ('20200101000001-initial.js'),
                                         ('20201221000001-create-chat-table.js'),
                                         ('20201221000002-create-chat-user-table.js'),
                                         ('20201221000003-create-chat-message-table.js'),
                                         ('20201221000004-create-device-table.js'),
                                         ('20201221000005-create-chat-message-read-table.js'),
                                         ('20210219000001-add-country-city-to-club.js'),
                                         ('20210220000001-add-rate-columns-to-club-and-review.js'),
                                         ('20210220000002-remove-date-column-of-review.js'),
                                         ('20210221000001-create-club-like-table.js'),
                                         ('20210222000001-add-accept-status-column-to-chatusers-table.js'),
                                         ('20210222000002-add-last-name-column-to-users-table.js'),
                                         ('20210222000003-add-name-column-to-games-table.js'),
                                         ('20210628000008-fix-club-rate-default-values.js');

DROP TABLE IF EXISTS "Sms";
DROP SEQUENCE IF EXISTS "Sms_id_seq";
CREATE SEQUENCE "Sms_id_seq" start with 1 INCREMENT by 1 MINVALUE 1  No  MAXVALUE  CACHE 1 ;

CREATE TABLE "public"."Sms" (
                                "id" integer DEFAULT nextval('"Sms_id_seq"') NOT NULL,
                                "phone" character varying(16) NOT NULL,
                                "code" character varying(4),
                                "userId" integer,
                                "sendedCode" character varying(4) NOT NULL,
                                "createdAt" timestamptz NOT NULL,
                                "updatedAt" timestamptz NOT NULL,
                                CONSTRAINT "Sms_pkey" PRIMARY KEY ("id")
) WITH (oids = false);

INSERT INTO "Sms" ("id", "phone", "code", "userId", "sendedCode", "createdAt", "updatedAt") VALUES
                                                                                                (5,	'+79218430083',	'0032',	9,	'0032',	'2020-09-27 22:31:21.409+00',	'2020-09-27 22:56:02.548+00'),
                                                                                                (6,	'+79218430083',	NULL,	NULL,	'5356',	'2020-09-27 23:54:17.462+00',	'2020-09-27 23:54:17.462+00'),
                                                                                                (7,	'+79218430083',	NULL,	NULL,	'8119',	'2020-09-28 00:50:13.653+00',	'2020-09-28 00:50:13.653+00'),
                                                                                                (8,	'79218430083',	NULL,	NULL,	'5554',	'2020-09-28 00:50:31.448+00',	'2020-09-28 00:50:31.448+00'),
                                                                                                (9,	'+79218430083',	NULL,	NULL,	'2150',	'2020-09-28 01:30:29.341+00',	'2020-09-28 01:30:29.341+00'),
                                                                                                (10,	'+79218430083',	NULL,	NULL,	'6571',	'2020-09-28 01:36:20.515+00',	'2020-09-28 01:36:20.515+00'),
                                                                                                (12,	'+79104442562',	'5177',	241,	'5177',	'2020-09-30 14:47:57.479+00',	'2020-09-30 14:48:17.042+00'),
                                                                                                (13,	'+79397126550',	NULL,	NULL,	'7758',	'2020-10-25 16:22:19.868+00',	'2020-10-25 16:22:19.868+00'),
                                                                                                (15,	'+8618501659040',	NULL,	NULL,	'0189',	'2020-10-26 09:54:23.043+00',	'2020-10-26 09:54:23.043+00'),
                                                                                                (14,	'+79397126550',	'5720',	242,	'5720',	'2020-10-26 09:51:09.018+00',	'2020-10-26 09:54:56.087+00'),
                                                                                                (16,	'+8618501659040',	NULL,	NULL,	'2363',	'2020-10-26 10:09:19.079+00',	'2020-10-26 10:09:19.079+00'),
                                                                                                (17,	'+8618501659040',	NULL,	NULL,	'5363',	'2020-10-26 10:20:23.949+00',	'2020-10-26 10:20:23.949+00'),
                                                                                                (18,	'89267125765',	NULL,	NULL,	'8979',	'2020-10-26 10:20:39.297+00',	'2020-10-26 10:20:39.297+00'),
                                                                                                (19,	'+89267125765',	NULL,	NULL,	'8368',	'2020-10-26 10:29:27.288+00',	'2020-10-26 10:29:27.288+00'),
                                                                                                (20,	'+8618501659040',	'5952',	244,	'5952',	'2020-10-26 10:30:20.364+00',	'2020-10-26 10:35:25.408+00'),
                                                                                                (21,	'+79267125765',	NULL,	NULL,	'9136',	'2020-10-28 14:31:53.407+00',	'2020-10-28 14:31:53.407+00'),
                                                                                                (22,	'+79267125765',	NULL,	NULL,	'2732',	'2020-10-28 20:47:40.262+00',	'2020-10-28 20:47:40.262+00'),
                                                                                                (23,	'+79267125765',	NULL,	NULL,	'2386',	'2020-10-28 21:05:07.019+00',	'2020-10-28 21:05:07.019+00'),
                                                                                                (24,	'+79267125765',	NULL,	NULL,	'3456',	'2020-10-28 21:06:41.486+00',	'2020-10-28 21:06:41.486+00'),
                                                                                                (25,	'+79267125765',	NULL,	NULL,	'4011',	'2020-10-28 21:08:54.169+00',	'2020-10-28 21:08:54.169+00'),
                                                                                                (26,	'+79267125765',	NULL,	NULL,	'8391',	'2020-10-28 21:10:41.17+00',	'2020-10-28 21:10:41.17+00'),
                                                                                                (27,	'+79267125765',	NULL,	NULL,	'5300',	'2020-10-28 21:35:30.032+00',	'2020-10-28 21:35:30.032+00'),
                                                                                                (28,	'+79267125765',	NULL,	NULL,	'5552',	'2020-10-28 21:36:16.233+00',	'2020-10-28 21:36:16.233+00'),
                                                                                                (29,	'+79267125765',	NULL,	NULL,	'6188',	'2020-10-28 22:00:11.537+00',	'2020-10-28 22:00:11.537+00'),
                                                                                                (30,	'+79267125765',	NULL,	NULL,	'0276',	'2020-10-28 22:00:40.516+00',	'2020-10-28 22:00:40.516+00'),
                                                                                                (31,	'+79267125765',	NULL,	NULL,	'1310',	'2020-10-28 22:01:48.167+00',	'2020-10-28 22:01:48.167+00'),
                                                                                                (32,	'+79268499316',	NULL,	NULL,	'0065',	'2020-10-28 22:02:51.881+00',	'2020-10-28 22:02:51.881+00'),
                                                                                                (33,	'+79267125765',	NULL,	NULL,	'3425',	'2020-10-28 22:10:22.035+00',	'2020-10-28 22:10:22.035+00'),
                                                                                                (34,	'+79268499316',	NULL,	NULL,	'1881',	'2020-10-28 22:14:47.393+00',	'2020-10-28 22:14:47.393+00'),
                                                                                                (35,	'+79268499316',	NULL,	NULL,	'4581',	'2020-10-28 22:23:17.184+00',	'2020-10-28 22:23:17.184+00'),
                                                                                                (36,	'+79268499316',	NULL,	NULL,	'7164',	'2020-10-28 22:25:03.28+00',	'2020-10-28 22:25:03.28+00'),
                                                                                                (37,	'+79268499316',	NULL,	NULL,	'5053',	'2020-10-28 22:33:27.642+00',	'2020-10-28 22:33:27.642+00'),
                                                                                                (84,	'+79397126550',	'4206',	242,	'4206',	'2020-11-04 06:57:04.522+00',	'2020-11-04 06:57:15.759+00'),
                                                                                                (40,	'+79268499316',	NULL,	NULL,	'9178',	'2020-10-28 23:15:21.217+00',	'2020-10-28 23:15:21.217+00'),
                                                                                                (85,	'+79397126550',	'1921',	242,	'1921',	'2020-11-04 07:09:42.592+00',	'2020-11-04 07:09:50.221+00'),
                                                                                                (42,	'+79268499316',	'4232',	245,	'4232',	'2020-10-29 10:25:40.92+00',	'2020-10-29 10:26:11.745+00'),
                                                                                                (44,	'string',	NULL,	NULL,	'8246',	'2020-10-29 13:47:14.216+00',	'2020-10-29 13:47:14.216+00'),
                                                                                                (86,	'+8618501659040',	'9296',	244,	'9296',	'2020-11-04 09:13:04.22+00',	'2020-11-04 09:13:15.025+00'),
                                                                                                (51,	'+79397126550',	NULL,	NULL,	'3324',	'2020-10-30 10:08:08.511+00',	'2020-10-30 10:08:08.511+00'),
                                                                                                (52,	'+79397126550',	NULL,	NULL,	'1307',	'2020-10-30 10:08:59.007+00',	'2020-10-30 10:08:59.007+00'),
                                                                                                (53,	'+79397126550',	NULL,	NULL,	'6962',	'2020-10-30 11:36:23.427+00',	'2020-10-30 11:36:23.427+00'),
                                                                                                (54,	'+79397126550',	NULL,	NULL,	'7980',	'2020-10-30 11:41:40.681+00',	'2020-10-30 11:41:40.681+00'),
                                                                                                (55,	'+79276901105',	'9783',	255,	'9783',	'2020-10-30 11:42:56.677+00',	'2020-10-30 11:44:12.913+00'),
                                                                                                (56,	'+79267125765',	'3269',	249,	'3269',	'2020-11-01 09:29:14.823+00',	'2020-11-01 09:30:27.219+00'),
                                                                                                (57,	'+8618501659040',	NULL,	NULL,	'2471',	'2020-11-01 09:34:28.576+00',	'2020-11-01 09:34:28.576+00'),
                                                                                                (58,	'+8618501659040',	NULL,	NULL,	'3344',	'2020-11-01 09:57:43.459+00',	'2020-11-01 09:57:43.459+00'),
                                                                                                (59,	'+8618501659040',	NULL,	NULL,	'1511',	'2020-11-01 10:40:50.657+00',	'2020-11-01 10:40:50.657+00'),
                                                                                                (60,	'+8618501659040',	NULL,	NULL,	'8655',	'2020-11-01 10:42:55.505+00',	'2020-11-01 10:42:55.505+00'),
                                                                                                (61,	'+8618501659040',	NULL,	NULL,	'8227',	'2020-11-01 10:46:25.102+00',	'2020-11-01 10:46:25.102+00'),
                                                                                                (62,	'+1 888-88',	NULL,	NULL,	'5758',	'2020-11-01 10:52:23.962+00',	'2020-11-01 10:52:23.962+00'),
                                                                                                (63,	'+8618501659040',	NULL,	NULL,	'0211',	'2020-11-01 13:14:21.174+00',	'2020-11-01 13:14:21.174+00'),
                                                                                                (64,	'+8618501659040',	NULL,	NULL,	'3460',	'2020-11-01 13:19:47.703+00',	'2020-11-01 13:19:47.703+00'),
                                                                                                (66,	'+8618501659040',	NULL,	NULL,	'0784',	'2020-11-01 13:30:36.097+00',	'2020-11-01 13:30:36.097+00'),
                                                                                                (67,	'+8618501659040',	NULL,	NULL,	'5674',	'2020-11-01 13:32:16.088+00',	'2020-11-01 13:32:16.088+00'),
                                                                                                (68,	'+8618501659040',	NULL,	NULL,	'9869',	'2020-11-01 13:36:55.955+00',	'2020-11-01 13:36:55.955+00'),
                                                                                                (69,	'+8618501659040',	'3286',	244,	'3286',	'2020-11-02 01:21:37.603+00',	'2020-11-02 02:16:18.105+00'),
                                                                                                (70,	'+8618501659040',	NULL,	NULL,	'5454',	'2020-11-02 02:32:00.158+00',	'2020-11-02 02:32:00.158+00'),
                                                                                                (71,	'+8618501659040',	'6873',	244,	'6873',	'2020-11-02 02:55:33.992+00',	'2020-11-02 02:59:22.304+00'),
                                                                                                (72,	'+8618501659040',	NULL,	NULL,	'1398',	'2020-11-02 15:39:38.333+00',	'2020-11-02 15:39:38.333+00'),
                                                                                                (73,	'+8618501659040',	NULL,	NULL,	'3231',	'2020-11-02 15:42:06.353+00',	'2020-11-02 15:42:06.353+00'),
                                                                                                (76,	'+8618501659040',	NULL,	NULL,	'0638',	'2020-11-02 15:54:56.687+00',	'2020-11-02 15:54:56.687+00'),
                                                                                                (78,	'+8618501659040',	NULL,	NULL,	'2923',	'2020-11-02 15:57:44.883+00',	'2020-11-02 15:57:44.883+00'),
                                                                                                (77,	'+8618501659040',	'5502',	244,	'5502',	'2020-11-02 15:57:43.882+00',	'2020-11-02 15:57:55.444+00'),
                                                                                                (79,	'+8618501659040',	'5945',	244,	'5945',	'2020-11-03 04:24:23.982+00',	'2020-11-03 04:24:36.034+00'),
                                                                                                (80,	'+8618501659040',	'9262',	244,	'9262',	'2020-11-03 14:07:42.198+00',	'2020-11-03 14:07:53.495+00'),
                                                                                                (81,	'+8618501659040',	'0287',	244,	'0287',	'2020-11-03 14:08:55.549+00',	'2020-11-03 14:09:04.554+00'),
                                                                                                (82,	'+8618501659040',	'4483',	244,	'4483',	'2020-11-04 05:36:49.217+00',	'2020-11-04 05:36:58.696+00'),
                                                                                                (83,	'+8618501659040',	'2270',	244,	'2270',	'2020-11-04 05:41:34.202+00',	'2020-11-04 05:41:55.984+00'),
                                                                                                (87,	'+8618501659040',	'7025',	244,	'7025',	'2020-11-04 09:48:05.485+00',	'2020-11-04 09:48:23.728+00'),
                                                                                                (88,	'+79267125765',	'8646',	249,	'8646',	'2020-11-04 10:09:42.237+00',	'2020-11-04 10:09:59.799+00'),
                                                                                                (89,	'+79397126550',	'2896',	242,	'2896',	'2020-11-04 17:11:32.601+00',	'2020-11-04 17:12:15.683+00'),
                                                                                                (90,	'+79267125765',	'1474',	249,	'1474',	'2020-11-04 20:46:41.482+00',	'2020-11-04 20:47:05.167+00'),
                                                                                                (91,	'+79267125765',	NULL,	NULL,	'6041',	'2020-11-05 08:47:48.011+00',	'2020-11-05 08:47:48.011+00'),
                                                                                                (92,	'+79267125765',	NULL,	NULL,	'4014',	'2020-11-05 08:59:51.34+00',	'2020-11-05 08:59:51.34+00'),
                                                                                                (93,	'+79267125765',	NULL,	NULL,	'3106',	'2020-11-05 09:02:27.233+00',	'2020-11-05 09:02:27.233+00'),
                                                                                                (94,	'+79397126550',	'1805',	242,	'1805',	'2020-11-05 09:50:04.814+00',	'2020-11-05 09:50:13.657+00'),
                                                                                                (95,	'+79397126550',	'8715',	242,	'8715',	'2020-11-05 09:53:58.161+00',	'2020-11-05 09:54:04.536+00'),
                                                                                                (96,	'+79267125765',	NULL,	NULL,	'1486',	'2020-11-05 09:54:35.234+00',	'2020-11-05 09:54:35.234+00'),
                                                                                                (97,	'+79267125765',	'2874',	249,	'2874',	'2020-11-05 09:57:22.794+00',	'2020-11-05 09:58:16.887+00'),
                                                                                                (99,	'+79276901105',	NULL,	NULL,	'8256',	'2020-11-05 10:22:01.412+00',	'2020-11-05 10:22:01.412+00'),
                                                                                                (101,	'+79276901105',	'6445',	255,	'6445',	'2020-11-05 10:27:49.316+00',	'2020-11-05 10:29:01.911+00'),
                                                                                                (106,	'+79267125765',	'1185',	249,	'1185',	'2020-11-05 11:38:35.725+00',	'2020-11-05 11:38:49.366+00'),
                                                                                                (107,	'+79268499315',	NULL,	NULL,	'6308',	'2020-11-05 11:44:28.168+00',	'2020-11-05 11:44:28.168+00'),
                                                                                                (109,	'+79397126550',	'4780',	242,	'4780',	'2020-11-05 14:22:02.729+00',	'2020-11-05 14:22:20.97+00'),
                                                                                                (110,	'+79397126550',	'3973',	242,	'3973',	'2020-11-05 15:26:30.559+00',	'2020-11-05 15:26:41.82+00'),
                                                                                                (111,	'+79397126550',	'8109',	242,	'8109',	'2020-11-05 15:58:34.556+00',	'2020-11-05 15:58:41.023+00'),
                                                                                                (112,	'+8618501659040',	'2996',	244,	'2996',	'2020-11-06 05:59:42.213+00',	'2020-11-06 06:00:22.698+00'),
                                                                                                (113,	'+8618501659040',	'7585',	244,	'7585',	'2020-11-06 07:46:50.317+00',	'2020-11-06 07:47:08.954+00'),
                                                                                                (114,	'+8618504659040',	NULL,	NULL,	'3783',	'2020-11-07 07:01:18.66+00',	'2020-11-07 07:01:18.66+00'),
                                                                                                (115,	'+8618501659040',	'8381',	244,	'8381',	'2020-11-07 07:01:58.88+00',	'2020-11-07 07:02:11.617+00'),
                                                                                                (116,	'+8618501659040',	'5673',	244,	'5673',	'2020-11-07 07:12:23.709+00',	'2020-11-07 07:12:36.405+00'),
                                                                                                (117,	'+79397126550',	'9163',	242,	'9163',	'2020-11-07 08:55:12.587+00',	'2020-11-07 08:55:21.875+00'),
                                                                                                (118,	'+79397126550',	'9695',	242,	'9695',	'2020-11-07 09:43:24.704+00',	'2020-11-07 09:43:33.858+00'),
                                                                                                (119,	'+79267125765',	'2922',	249,	'2922',	'2020-11-07 14:39:26.838+00',	'2020-11-07 14:39:32.926+00'),
                                                                                                (120,	'+79397126550',	NULL,	NULL,	'0640',	'2020-11-07 15:48:00.388+00',	'2020-11-07 15:48:00.388+00'),
                                                                                                (121,	'+79397126550',	NULL,	NULL,	'9504',	'2020-11-07 15:49:59.124+00',	'2020-11-07 15:49:59.124+00'),
                                                                                                (122,	'+79397126550',	'1519',	242,	'1519',	'2020-11-07 15:54:45.278+00',	'2020-11-07 15:54:54.843+00'),
                                                                                                (123,	'+79397126550',	'6746',	242,	'6746',	'2020-11-07 18:19:12.819+00',	'2020-11-07 18:19:49.359+00'),
                                                                                                (124,	'+79397126550',	'3184',	242,	'3184',	'2020-11-07 18:26:14.838+00',	'2020-11-07 18:26:20.867+00'),
                                                                                                (125,	'+79397126550',	'4427',	242,	'4427',	'2020-11-08 12:28:06.097+00',	'2020-11-08 12:28:44.087+00'),
                                                                                                (127,	'+79397126550',	NULL,	NULL,	'2264',	'2020-11-08 12:32:19.545+00',	'2020-11-08 12:32:19.545+00'),
                                                                                                (128,	'+79276901105',	'1742',	255,	'1742',	'2020-11-08 12:34:05.61+00',	'2020-11-08 12:34:22.518+00'),
                                                                                                (129,	'+79397126550',	NULL,	NULL,	'4855',	'2020-11-08 12:35:37.157+00',	'2020-11-08 12:35:37.157+00'),
                                                                                                (130,	'+79267125765',	'8215',	249,	'8215',	'2020-11-08 13:02:15.996+00',	'2020-11-08 13:02:23.485+00'),
                                                                                                (131,	'+79397126550',	NULL,	NULL,	'1104',	'2020-11-08 14:08:52.922+00',	'2020-11-08 14:08:52.922+00'),
                                                                                                (133,	'+79371769388',	'9751',	295,	'9751',	'2020-11-08 14:11:32.617+00',	'2020-11-08 14:11:50.231+00'),
                                                                                                (134,	'+8618510659040',	NULL,	NULL,	'5833',	'2020-11-09 08:11:18.836+00',	'2020-11-09 08:11:18.836+00'),
                                                                                                (135,	'+8618501659040',	'5545',	244,	'5545',	'2020-11-09 08:12:04.688+00',	'2020-11-09 08:12:19.202+00'),
                                                                                                (136,	'+8618501659040',	'1683',	244,	'1683',	'2020-11-09 08:15:10.962+00',	'2020-11-09 08:15:53.735+00'),
                                                                                                (137,	'+79267125765',	'4068',	249,	'4068',	'2020-11-09 08:59:22.29+00',	'2020-11-09 08:59:32.68+00'),
                                                                                                (138,	'+79267125765',	'5837',	249,	'5837',	'2020-11-09 18:35:44.719+00',	'2020-11-09 18:35:57.169+00'),
                                                                                                (139,	'+8618501659040',	'3305',	244,	'3305',	'2020-11-10 03:38:12.995+00',	'2020-11-10 03:38:25.633+00'),
                                                                                                (140,	'+79268499316',	'5140',	245,	'5140',	'2020-11-10 22:13:23.443+00',	'2020-11-10 22:13:33.553+00'),
                                                                                                (141,	'+8618501659040',	'2535',	244,	'2535',	'2020-11-11 13:12:55.976+00',	'2020-11-11 13:13:14.656+00'),
                                                                                                (142,	'+8618501659040',	'7586',	244,	'7586',	'2020-11-11 13:17:41.53+00',	'2020-11-11 13:17:53.45+00'),
                                                                                                (143,	'+8618501659040',	'0338',	244,	'0338',	'2020-11-11 13:21:08.092+00',	'2020-11-11 13:21:19.97+00'),
                                                                                                (144,	'+8618501659040',	'2258',	244,	'2258',	'2020-11-11 13:34:47.664+00',	'2020-11-11 13:35:01.399+00'),
                                                                                                (145,	'+8618501659040',	'1951',	244,	'1951',	'2020-11-11 13:36:23.617+00',	'2020-11-11 13:36:38.591+00'),
                                                                                                (147,	'+8618501659040',	NULL,	NULL,	'5152',	'2020-11-11 13:38:44.723+00',	'2020-11-11 13:38:44.723+00'),
                                                                                                (148,	'+8618501659040',	NULL,	NULL,	'0787',	'2020-11-11 13:40:07.485+00',	'2020-11-11 13:40:07.485+00'),
                                                                                                (149,	'+79267125765',	'4888',	249,	'4888',	'2020-11-11 23:19:19.378+00',	'2020-11-11 23:19:33.756+00'),
                                                                                                (150,	'+79267125765',	'7667',	249,	'7667',	'2020-11-11 23:23:12.954+00',	'2020-11-11 23:23:21.283+00'),
                                                                                                (152,	'+8618501659040',	'2333',	244,	'2333',	'2020-11-12 11:47:31.834+00',	'2020-11-12 11:47:46.811+00'),
                                                                                                (153,	'+8618501659040',	'7960',	244,	'7960',	'2020-11-12 11:51:23.098+00',	'2020-11-12 11:51:40.396+00'),
                                                                                                (154,	'+79371769388',	'2125',	295,	'2125',	'2020-11-12 17:43:56.213+00',	'2020-11-12 17:44:28.502+00'),
                                                                                                (155,	'+79397126550',	'5047',	242,	'5047',	'2020-11-14 05:20:16.521+00',	'2020-11-14 05:20:25.831+00'),
                                                                                                (156,	'+8618501659040',	'0246',	244,	'0246',	'2020-11-14 07:24:49.514+00',	'2020-11-14 07:25:04.073+00'),
                                                                                                (157,	'+8618501659040',	'2564',	244,	'2564',	'2020-11-14 09:09:24.277+00',	'2020-11-14 09:09:38.252+00'),
                                                                                                (158,	'+79397126550',	'8902',	242,	'8902',	'2020-11-14 09:25:07.995+00',	'2020-11-14 09:25:16.905+00'),
                                                                                                (159,	'+79371769385',	NULL,	NULL,	'5588',	'2020-11-14 09:29:13.962+00',	'2020-11-14 09:29:13.962+00'),
                                                                                                (160,	'+79371769388',	'0086',	295,	'0086',	'2020-11-14 09:29:37.364+00',	'2020-11-14 09:29:42.091+00'),
                                                                                                (161,	'+79267125765',	'3430',	249,	'3430',	'2020-11-14 09:31:52.892+00',	'2020-11-14 09:32:00.463+00'),
                                                                                                (162,	'+8618501659040',	'6997',	244,	'6997',	'2020-11-14 09:37:38.931+00',	'2020-11-14 09:38:14.43+00'),
                                                                                                (163,	'+79397126550',	'9879',	242,	'9879',	'2020-11-14 11:47:49.233+00',	'2020-11-14 11:47:56.813+00'),
                                                                                                (164,	'+79267125765',	'2621',	249,	'2621',	'2020-11-14 13:17:46.594+00',	'2020-11-14 13:17:52.88+00'),
                                                                                                (165,	'+79371769388',	'6615',	295,	'6615',	'2020-11-14 14:22:04.876+00',	'2020-11-14 14:22:09.707+00'),
                                                                                                (166,	'+79276550798',	'2113',	322,	'2113',	'2020-11-14 14:25:55.862+00',	'2020-11-14 14:26:07.947+00'),
                                                                                                (167,	'+79397126550',	'3029',	242,	'3029',	'2020-11-14 14:27:19.025+00',	'2020-11-14 14:27:27.729+00'),
                                                                                                (168,	'+79276550798',	'2796',	322,	'2796',	'2020-11-14 14:28:10.803+00',	'2020-11-14 14:28:19.951+00'),
                                                                                                (169,	'+79276550798',	NULL,	NULL,	'7319',	'2020-11-14 14:29:47.751+00',	'2020-11-14 14:29:47.751+00'),
                                                                                                (170,	'+79276550798',	NULL,	NULL,	'5688',	'2020-11-14 14:31:55.94+00',	'2020-11-14 14:31:55.94+00'),
                                                                                                (171,	'+79163107186',	'5293',	325,	'5293',	'2020-11-14 17:11:17.818+00',	'2020-11-14 17:11:26.99+00'),
                                                                                                (172,	'+79859992229',	'7590',	326,	'7590',	'2020-11-14 18:13:58.52+00',	'2020-11-14 18:14:13.577+00'),
                                                                                                (173,	'+79859992229',	'9117',	326,	'9117',	'2020-11-15 10:36:33.35+00',	'2020-11-15 10:36:45.672+00'),
                                                                                                (174,	'+79276550798',	'3042',	322,	'3042',	'2020-11-16 05:56:29.005+00',	'2020-11-16 05:56:41.698+00'),
                                                                                                (175,	'+8618501659040',	NULL,	NULL,	'5949',	'2020-11-16 06:10:59.176+00',	'2020-11-16 06:10:59.176+00'),
                                                                                                (177,	'+8618501659040',	'1579',	244,	'1579',	'2020-11-16 06:12:29.505+00',	'2020-11-16 06:12:44.888+00'),
                                                                                                (178,	'+79397126550',	'4977',	242,	'4977',	'2020-11-16 06:13:52.67+00',	'2020-11-16 06:14:00.077+00'),
                                                                                                (179,	'+8618501659040',	NULL,	NULL,	'6692',	'2020-11-16 10:16:00.007+00',	'2020-11-16 10:16:00.007+00'),
                                                                                                (180,	'+8618501659040',	NULL,	NULL,	'9147',	'2020-11-16 10:18:10.749+00',	'2020-11-16 10:18:10.749+00'),
                                                                                                (181,	'+8618501659040',	NULL,	NULL,	'8619',	'2020-11-16 10:20:55.174+00',	'2020-11-16 10:20:55.174+00'),
                                                                                                (182,	'+8618501659040',	NULL,	NULL,	'0171',	'2020-11-16 10:23:09.44+00',	'2020-11-16 10:23:09.44+00'),
                                                                                                (183,	'+8618501659040',	NULL,	NULL,	'0872',	'2020-11-16 10:25:40.656+00',	'2020-11-16 10:25:40.656+00'),
                                                                                                (184,	'+8618501659040',	NULL,	NULL,	'1702',	'2020-11-16 10:26:54.966+00',	'2020-11-16 10:26:54.966+00'),
                                                                                                (185,	'+79397126550',	'3102',	242,	'3102',	'2020-11-16 11:50:02.688+00',	'2020-11-16 11:50:10.226+00'),
                                                                                                (187,	'+8618501659040',	'9843',	244,	'9843',	'2020-11-17 02:45:19.935+00',	'2020-11-17 02:45:32.703+00'),
                                                                                                (188,	'+79263829080',	'2237',	333,	'2237',	'2020-11-17 14:27:16.063+00',	'2020-11-17 14:27:22.046+00'),
                                                                                                (189,	'+79397126550',	'5715',	242,	'5715',	'2020-11-17 15:58:05.476+00',	'2020-11-17 15:58:17.473+00'),
                                                                                                (190,	'+79397126550',	'2017',	242,	'2017',	'2020-11-18 05:02:41.559+00',	'2020-11-18 05:02:48.195+00'),
                                                                                                (191,	'+79397126550',	'4363',	242,	'4363',	'2020-11-18 05:40:28.478+00',	'2020-11-18 05:40:35.211+00'),
                                                                                                (192,	'+79268499316',	'1841',	245,	'1841',	'2020-11-18 11:20:22.283+00',	'2020-11-18 11:21:04.755+00'),
                                                                                                (193,	'+79397126550',	'0027',	242,	'0027',	'2020-11-19 05:59:02.97+00',	'2020-11-19 05:59:11.575+00'),
                                                                                                (194,	'+79397126550',	'2674',	242,	'2674',	'2020-11-19 12:58:36.905+00',	'2020-11-19 12:58:44.087+00'),
                                                                                                (195,	'+79267125765',	'6147',	249,	'6147',	'2020-11-20 11:40:09.089+00',	'2020-11-20 11:40:18.649+00'),
                                                                                                (196,	'+8618501659040',	'3099',	244,	'3099',	'2020-11-21 05:44:56.674+00',	'2020-11-21 05:45:10.132+00'),
                                                                                                (197,	'+79397126550',	'5734',	242,	'5734',	'2020-11-21 06:06:24.83+00',	'2020-11-21 06:06:32.507+00'),
                                                                                                (198,	'+79267125765',	'2228',	249,	'2228',	'2020-11-21 12:53:46.024+00',	'2020-11-21 12:53:58.433+00'),
                                                                                                (199,	'+79397126550',	'8541',	242,	'8541',	'2020-11-22 06:48:17.311+00',	'2020-11-22 06:48:26.368+00'),
                                                                                                (200,	'+79397126550',	'8656',	242,	'8656',	'2020-11-22 10:24:41.671+00',	'2020-11-22 10:24:51.097+00'),
                                                                                                (201,	'+79397126550',	'0523',	242,	'0523',	'2020-11-22 11:56:03.479+00',	'2020-11-22 11:56:15.259+00'),
                                                                                                (202,	'+79397126550',	'5901',	242,	'5901',	'2020-11-23 07:05:39.143+00',	'2020-11-23 07:05:49.219+00'),
                                                                                                (203,	'+79397126550',	'4864',	242,	'4864',	'2020-11-23 07:33:46.521+00',	'2020-11-23 07:33:55.411+00'),
                                                                                                (204,	'+79397126550',	'7122',	242,	'7122',	'2020-11-23 07:43:54.761+00',	'2020-11-23 07:44:01.803+00'),
                                                                                                (206,	'+79397126550',	'6158',	242,	'6158',	'2020-11-23 08:09:44.063+00',	'2020-11-23 08:09:52.566+00'),
                                                                                                (207,	'+79397126550',	'7058',	242,	'7058',	'2020-11-23 12:59:58.202+00',	'2020-11-23 13:00:10.741+00'),
                                                                                                (208,	'+8618501659040',	'2515',	244,	'2515',	'2020-11-24 07:18:02+00',	'2020-11-24 07:18:16.052+00'),
                                                                                                (209,	'+79397126550',	'3368',	242,	'3368',	'2020-11-24 09:06:41.387+00',	'2020-11-24 09:06:49.005+00'),
                                                                                                (210,	'+79397126550',	'6018',	242,	'6018',	'2020-11-25 06:37:18.216+00',	'2020-11-25 06:37:27.688+00'),
                                                                                                (211,	'+79267125765',	'6318',	249,	'6318',	'2020-11-25 11:18:38.517+00',	'2020-11-25 11:18:46.903+00'),
                                                                                                (212,	'+79397126550',	'5025',	242,	'5025',	'2020-11-25 14:01:05.965+00',	'2020-11-25 14:01:14.961+00'),
                                                                                                (213,	'+79397126550',	'3758',	242,	'3758',	'2020-11-25 17:05:03.926+00',	'2020-11-25 17:05:11.958+00'),
                                                                                                (214,	'+79397126550',	'8328',	242,	'8328',	'2020-11-26 08:41:35.746+00',	'2020-11-26 08:43:19.291+00'),
                                                                                                (215,	'+8618501659040',	'0758',	244,	'0758',	'2020-11-26 10:03:33.578+00',	'2020-11-26 10:03:49.468+00'),
                                                                                                (216,	'+79397126550',	'0738',	242,	'0738',	'2020-11-26 14:20:47.24+00',	'2020-11-26 14:22:22.972+00'),
                                                                                                (217,	'+8618501659040',	'8885',	244,	'8885',	'2020-11-27 08:25:31.729+00',	'2020-11-27 08:25:39.854+00'),
                                                                                                (218,	'+8618501659040',	'0659',	244,	'0659',	'2020-11-27 08:26:23.275+00',	'2020-11-27 08:26:33.207+00'),
                                                                                                (219,	'+79397126550',	'0710',	242,	'0710',	'2020-11-27 11:24:59.238+00',	'2020-11-27 11:25:07.142+00'),
                                                                                                (220,	'+79267125765',	'3133',	249,	'3133',	'2020-11-27 11:45:00.744+00',	'2020-11-27 11:45:11.653+00'),
                                                                                                (221,	'+79276901105',	NULL,	NULL,	'5145',	'2020-11-27 11:45:16.628+00',	'2020-11-27 11:45:16.628+00'),
                                                                                                (222,	'+79397126550',	'3477',	242,	'3477',	'2020-11-27 13:03:09.767+00',	'2020-11-27 13:03:19.662+00'),
                                                                                                (223,	'+79256125765',	NULL,	NULL,	'2689',	'2020-11-27 22:44:45.892+00',	'2020-11-27 22:44:45.892+00'),
                                                                                                (224,	'+79267125765',	'7214',	249,	'7214',	'2020-11-27 22:45:39.839+00',	'2020-11-27 22:45:49.017+00'),
                                                                                                (225,	'+79397126550',	'2678',	242,	'2678',	'2020-11-28 10:00:13.213+00',	'2020-11-28 10:00:19.41+00'),
                                                                                                (226,	'+79397126550',	'1594',	242,	'1594',	'2020-11-28 18:09:03.382+00',	'2020-11-28 18:09:11.087+00'),
                                                                                                (227,	'+8618501659040',	'0814',	244,	'0814',	'2020-11-29 02:14:40.219+00',	'2020-11-29 02:14:56.637+00'),
                                                                                                (228,	'+8618501659040',	'4259',	244,	'4259',	'2020-11-29 09:53:25.865+00',	'2020-11-29 09:53:49.352+00'),
                                                                                                (229,	'+8618501659040',	'7926',	244,	'7926',	'2020-11-30 06:11:44.065+00',	'2020-11-30 06:18:17.194+00'),
                                                                                                (230,	'+79397126550',	'0718',	242,	'0718',	'2020-11-30 06:34:03.632+00',	'2020-11-30 06:34:09.963+00'),
                                                                                                (231,	'+8618501659040',	'1395',	244,	'1395',	'2020-11-30 06:37:06.06+00',	'2020-11-30 06:37:17.411+00'),
                                                                                                (232,	'+79397126550',	'2383',	242,	'2383',	'2020-11-30 06:39:32.717+00',	'2020-11-30 06:39:39.397+00'),
                                                                                                (233,	'+79397126550',	'2630',	242,	'2630',	'2020-11-30 06:40:32.262+00',	'2020-11-30 06:40:37.753+00'),
                                                                                                (234,	'+8618501659040',	'5168',	244,	'5168',	'2020-11-30 06:43:26.304+00',	'2020-11-30 06:43:34.24+00'),
                                                                                                (235,	'+8618501659040',	'9236',	244,	'9236',	'2020-11-30 06:44:51.141+00',	'2020-11-30 06:45:02.512+00'),
                                                                                                (236,	'+79397126550',	'4671',	242,	'4671',	'2020-11-30 06:45:09.71+00',	'2020-11-30 06:45:16.844+00'),
                                                                                                (237,	'+79276550798',	'9786',	322,	'9786',	'2020-11-30 08:23:52.254+00',	'2020-11-30 08:24:05.78+00'),
                                                                                                (238,	'+8618501659040',	'3006',	244,	'3006',	'2020-11-30 16:42:37.075+00',	'2020-11-30 16:42:50.021+00'),
                                                                                                (239,	'+79397126550',	NULL,	NULL,	'2993',	'2020-12-04 06:07:57.561+00',	'2020-12-04 06:07:57.561+00'),
                                                                                                (240,	'+79397126550',	NULL,	NULL,	'7880',	'2020-12-04 06:09:44.227+00',	'2020-12-04 06:09:44.227+00'),
                                                                                                (241,	'+79397126550',	NULL,	NULL,	'2122',	'2020-12-04 06:10:19.034+00',	'2020-12-04 06:10:19.034+00'),
                                                                                                (242,	'+79372068344',	NULL,	NULL,	'0200',	'2020-12-04 06:11:35.382+00',	'2020-12-04 06:11:35.382+00'),
                                                                                                (243,	'+79397126550',	NULL,	NULL,	'9185',	'2020-12-04 06:17:10.861+00',	'2020-12-04 06:17:10.861+00'),
                                                                                                (246,	'+8618501659040',	NULL,	NULL,	'1966',	'2020-12-04 06:23:01.361+00',	'2020-12-04 06:23:01.361+00'),
                                                                                                (244,	'+79372068344',	'9819',	381,	'9819',	'2020-12-04 06:17:56.039+00',	'2020-12-04 14:10:06.67+00'),
                                                                                                (247,	'+79397126550',	'4858',	242,	'4858',	'2020-12-05 09:43:12.376+00',	'2020-12-05 09:43:25.87+00'),
                                                                                                (248,	'+79397126550',	'4136',	242,	'4136',	'2020-12-06 13:07:41.086+00',	'2020-12-06 13:07:53.964+00'),
                                                                                                (249,	'+79263829080',	'2856',	333,	'2856',	'2020-12-07 08:09:51.028+00',	'2020-12-07 08:09:57.353+00'),
                                                                                                (250,	'+8618501659040',	'4748',	244,	'4748',	'2020-12-07 08:11:37.844+00',	'2020-12-07 08:11:46.761+00'),
                                                                                                (251,	'+79397126550',	'7178',	242,	'7178',	'2020-12-07 10:30:23.183+00',	'2020-12-07 10:30:37.389+00'),
                                                                                                (252,	'+79372068344',	'0821',	381,	'0821',	'2020-12-07 11:29:56.189+00',	'2020-12-07 11:30:03.177+00'),
                                                                                                (253,	'+79397126550',	'3954',	242,	'3954',	'2020-12-08 12:39:01.181+00',	'2020-12-08 12:39:10.904+00'),
                                                                                                (254,	'+79397126550',	'4491',	242,	'4491',	'2020-12-08 13:35:14.477+00',	'2020-12-08 13:35:20.287+00'),
                                                                                                (255,	'+79397126550',	'2971',	242,	'2971',	'2020-12-08 15:47:34.859+00',	'2020-12-08 15:47:50.861+00'),
                                                                                                (257,	'+79397126550',	'1209',	242,	'1209',	'2020-12-12 09:26:46.818+00',	'2020-12-12 09:26:55.763+00'),
                                                                                                (258,	'+8618501659040',	'6550',	244,	'6550',	'2020-12-13 08:19:35.415+00',	'2020-12-13 08:19:51.865+00'),
                                                                                                (259,	'+79276550798',	'9191',	322,	'9191',	'2020-12-13 10:36:19.619+00',	'2020-12-13 10:36:27.339+00'),
                                                                                                (260,	'+79397126550',	'9066',	242,	'9066',	'2020-12-13 10:38:18.287+00',	'2020-12-13 10:38:26.914+00'),
                                                                                                (261,	'+79276550798',	NULL,	NULL,	'7167',	'2020-12-13 10:40:15.035+00',	'2020-12-13 10:40:15.035+00'),
                                                                                                (263,	'+79276550798',	'1548',	322,	'1548',	'2020-12-13 10:42:28.666+00',	'2020-12-13 10:42:35.213+00'),
                                                                                                (264,	'+79397126550',	'8680',	242,	'8680',	'2020-12-13 10:43:52.514+00',	'2020-12-13 10:43:59.446+00'),
                                                                                                (265,	'+79276550798',	NULL,	NULL,	'3485',	'2020-12-13 10:45:27.135+00',	'2020-12-13 10:45:27.135+00'),
                                                                                                (266,	'+79397126550',	'1510',	242,	'1510',	'2020-12-13 10:46:06.287+00',	'2020-12-13 10:46:20.88+00'),
                                                                                                (267,	'+79397126550',	'0722',	242,	'0722',	'2020-12-14 12:39:10.192+00',	'2020-12-14 12:39:58.701+00'),
                                                                                                (268,	'+79276550798',	NULL,	NULL,	'1376',	'2020-12-14 15:27:25.217+00',	'2020-12-14 15:27:25.217+00'),
                                                                                                (269,	'+79276901105',	'6701',	255,	'6701',	'2020-12-14 15:29:46.617+00',	'2020-12-14 15:30:02.419+00'),
                                                                                                (270,	'+79397126550',	'3285',	242,	'3285',	'2020-12-14 15:31:10.173+00',	'2020-12-14 15:31:24.984+00'),
                                                                                                (271,	'+79276901105',	'7386',	255,	'7386',	'2020-12-14 15:33:13.26+00',	'2020-12-14 15:33:26.708+00'),
                                                                                                (272,	'+79397126550',	'1053',	242,	'1053',	'2020-12-15 15:33:32.346+00',	'2020-12-15 15:33:43.65+00'),
                                                                                                (273,	'+79397126550',	NULL,	NULL,	'3399',	'2020-12-15 17:16:10.628+00',	'2020-12-15 17:16:10.628+00'),
                                                                                                (274,	'+79276550798',	'0399',	322,	'0399',	'2020-12-15 17:16:27.732+00',	'2020-12-15 17:16:43.133+00'),
                                                                                                (275,	'+79397126550',	'8337',	242,	'8337',	'2020-12-15 17:17:37.778+00',	'2020-12-15 17:17:50.746+00'),
                                                                                                (276,	'+79397126550',	'5809',	242,	'5809',	'2020-12-15 19:24:52.297+00',	'2020-12-15 19:25:04.152+00'),
                                                                                                (277,	'+79218430083',	NULL,	NULL,	'2452',	'2020-12-22 23:04:42.653+00',	'2020-12-22 23:04:42.653+00'),
                                                                                                (278,	'+79218430083',	'4159',	9,	'4159',	'2020-12-22 23:05:24.269+00',	'2020-12-22 23:35:42.146+00'),
                                                                                                (279,	'+79397126550',	'8297',	242,	'8297',	'2020-12-24 03:48:38.442+00',	'2020-12-24 03:48:53.203+00'),
                                                                                                (280,	'+79267125765',	'0948',	249,	'0948',	'2020-12-24 16:13:14.003+00',	'2020-12-24 16:13:25.977+00'),
                                                                                                (281,	'+79397126550',	'6235',	242,	'6235',	'2020-12-26 13:50:05.784+00',	'2020-12-26 13:50:13.778+00'),
                                                                                                (282,	'+79397126550',	'0243',	242,	'0243',	'2020-12-27 10:31:16.653+00',	'2020-12-27 10:31:25.81+00'),
                                                                                                (283,	'+8618512147469',	'8150',	411,	'8150',	'2020-12-29 04:27:48.98+00',	'2020-12-29 04:28:00.191+00'),
                                                                                                (284,	'+79218430083',	'2562',	9,	'2562',	'2020-12-29 08:35:20.934+00',	'2020-12-29 08:35:40.054+00'),
                                                                                                (285,	'+79397126550',	'1930',	242,	'1930',	'2020-12-29 15:42:31.139+00',	'2020-12-29 15:42:39.875+00'),
                                                                                                (286,	'+79397126550',	NULL,	NULL,	'2968',	'2020-12-30 08:40:15.39+00',	'2020-12-30 08:40:15.39+00'),
                                                                                                (287,	'+79397126550',	'4010',	242,	'4010',	'2020-12-30 08:41:07.532+00',	'2020-12-30 08:41:56.128+00'),
                                                                                                (288,	'+79397126550',	'5997',	242,	'5997',	'2020-12-30 12:52:15.153+00',	'2020-12-30 12:52:24.502+00'),
                                                                                                (289,	'+79397126550',	'3998',	242,	'3998',	'2020-12-30 13:37:52.902+00',	'2020-12-30 13:37:59.356+00'),
                                                                                                (290,	'+79397126550',	'2135',	242,	'2135',	'2020-12-30 20:45:44.179+00',	'2020-12-30 20:45:52.684+00'),
                                                                                                (291,	'+8619501659040',	NULL,	NULL,	'6167',	'2021-01-06 08:25:24.501+00',	'2021-01-06 08:25:24.501+00'),
                                                                                                (292,	'+8618501659040',	'0451',	244,	'0451',	'2021-01-06 08:25:59.168+00',	'2021-01-06 08:26:08.83+00'),
                                                                                                (293,	'+79397126550',	'0639',	242,	'0639',	'2021-01-14 16:34:09.524+00',	'2021-01-14 16:34:19.819+00'),
                                                                                                (294,	'+79397126550',	'8437',	242,	'8437',	'2021-01-16 08:05:43.839+00',	'2021-01-16 08:05:52.163+00'),
                                                                                                (295,	'+79397126550',	'4389',	242,	'4389',	'2021-01-16 13:21:31.804+00',	'2021-01-16 13:21:43.16+00'),
                                                                                                (296,	'+8618512147469',	NULL,	NULL,	'6844',	'2021-01-28 11:25:34.883+00',	'2021-01-28 11:25:34.883+00'),
                                                                                                (298,	'+8618512147469',	'0108',	411,	'0108',	'2021-01-28 11:31:05.781+00',	'2021-01-28 11:32:07.85+00'),
                                                                                                (300,	'+79976550798',	NULL,	NULL,	'9181',	'2021-01-28 15:49:26.394+00',	'2021-01-28 15:49:26.394+00'),
                                                                                                (301,	'+79276550798',	'2413',	322,	'2413',	'2021-01-28 15:49:47.562+00',	'2021-01-28 15:49:53.93+00'),
                                                                                                (302,	'+79397126550',	'3066',	242,	'3066',	'2021-01-28 15:58:25.794+00',	'2021-01-28 15:58:32.648+00'),
                                                                                                (303,	'+79397126550',	'2300',	242,	'2300',	'2021-02-06 19:15:13.233+00',	'2021-02-06 19:15:33.568+00'),
                                                                                                (304,	'+8618501659040',	'7980',	244,	'7980',	'2021-02-08 05:27:43.661+00',	'2021-02-08 05:27:58.238+00'),
                                                                                                (305,	'+8618501659040',	'7493',	244,	'7493',	'2021-02-14 11:23:53.187+00',	'2021-02-14 11:24:05.305+00'),
                                                                                                (306,	'+79397126550',	'2594',	242,	'2594',	'2021-02-25 18:22:03.407+00',	'2021-02-25 18:22:12.498+00'),
                                                                                                (307,	'+79397126550',	'5516',	242,	'5516',	'2021-02-26 10:03:03.589+00',	'2021-02-26 10:03:19.211+00'),
                                                                                                (308,	'+79397126550',	'3144',	242,	'3144',	'2021-02-28 07:25:09.378+00',	'2021-02-28 07:25:21.414+00'),
                                                                                                (309,	'+79163107186',	'6072',	325,	'6072',	'2021-03-10 14:10:48.223+00',	'2021-03-10 14:12:10.436+00'),
                                                                                                (311,	'+8618501659040',	NULL,	NULL,	'8432',	'2021-03-10 14:12:47.709+00',	'2021-03-10 14:12:47.709+00'),
                                                                                                (312,	'+8618501659040',	NULL,	NULL,	'1315',	'2021-03-10 14:14:20.797+00',	'2021-03-10 14:14:20.797+00'),
                                                                                                (313,	'+8618501659040',	NULL,	NULL,	'9119',	'2021-03-10 14:18:48.542+00',	'2021-03-10 14:18:48.542+00'),
                                                                                                (314,	'+8618501659040',	NULL,	NULL,	'3923',	'2021-03-10 14:25:19.096+00',	'2021-03-10 14:25:19.096+00'),
                                                                                                (315,	'+8618512147469',	NULL,	NULL,	'6237',	'2021-03-10 14:38:41.035+00',	'2021-03-10 14:38:41.035+00'),
                                                                                                (316,	'+8618501659040',	NULL,	NULL,	'0642',	'2021-03-10 14:39:07.182+00',	'2021-03-10 14:39:07.182+00'),
                                                                                                (317,	'+8618501659040',	'1797',	244,	'1797',	'2021-03-11 04:54:27.574+00',	'2021-03-11 04:56:12.783+00'),
                                                                                                (318,	'+79397126550',	'5900',	242,	'5900',	'2021-03-11 19:41:54.276+00',	'2021-03-11 19:42:06.733+00'),
                                                                                                (319,	'+79397126550',	NULL,	NULL,	'3508',	'2021-03-15 19:51:20.445+00',	'2021-03-15 19:51:20.445+00'),
                                                                                                (320,	'+79397126550',	NULL,	NULL,	'3879',	'2021-03-15 19:59:10.578+00',	'2021-03-15 19:59:10.578+00'),
                                                                                                (321,	'+79397126550',	NULL,	NULL,	'3965',	'2021-03-15 19:59:52.121+00',	'2021-03-15 19:59:52.121+00'),
                                                                                                (322,	'+79397126550',	NULL,	NULL,	'7479',	'2021-03-15 20:00:40.759+00',	'2021-03-15 20:00:40.759+00'),
                                                                                                (323,	'+79397126550',	NULL,	NULL,	'8779',	'2021-03-15 20:02:37.517+00',	'2021-03-15 20:02:37.517+00'),
                                                                                                (324,	'+79397126550',	NULL,	NULL,	'4568',	'2021-03-15 20:04:41.734+00',	'2021-03-15 20:04:41.734+00'),
                                                                                                (325,	'+79397126550',	NULL,	NULL,	'6255',	'2021-03-15 20:05:46.9+00',	'2021-03-15 20:05:46.9+00'),
                                                                                                (326,	'+79397126550',	NULL,	NULL,	'7610',	'2021-03-15 20:06:17.991+00',	'2021-03-15 20:06:17.991+00'),
                                                                                                (327,	'+79397126550',	NULL,	NULL,	'6517',	'2021-03-15 20:08:34.251+00',	'2021-03-15 20:08:34.251+00'),
                                                                                                (328,	'+79397126550',	NULL,	NULL,	'8474',	'2021-03-15 20:09:16.013+00',	'2021-03-15 20:09:16.013+00'),
                                                                                                (329,	'+79397126550',	NULL,	NULL,	'1827',	'2021-03-15 20:10:59.625+00',	'2021-03-15 20:10:59.625+00'),
                                                                                                (330,	'+79397216550',	NULL,	NULL,	'4964',	'2021-03-15 20:12:05.848+00',	'2021-03-15 20:12:05.848+00'),
                                                                                                (331,	'+79397126550',	NULL,	NULL,	'4627',	'2021-03-15 20:14:59.446+00',	'2021-03-15 20:14:59.446+00'),
                                                                                                (332,	'+79397126550',	NULL,	NULL,	'8126',	'2021-03-15 20:15:56.219+00',	'2021-03-15 20:15:56.219+00'),
                                                                                                (333,	'+79397126550',	NULL,	NULL,	'8736',	'2021-03-15 20:38:22.282+00',	'2021-03-15 20:38:22.282+00'),
                                                                                                (334,	'+79397126550',	NULL,	NULL,	'3002',	'2021-03-15 20:39:29.096+00',	'2021-03-15 20:39:29.096+00'),
                                                                                                (335,	'+79371265500',	NULL,	NULL,	'0436',	'2021-03-15 20:41:13.604+00',	'2021-03-15 20:41:13.604+00'),
                                                                                                (336,	'+79397126550',	NULL,	NULL,	'3998',	'2021-03-15 20:41:56.726+00',	'2021-03-15 20:41:56.726+00'),
                                                                                                (337,	'+79397126550',	NULL,	NULL,	'2617',	'2021-03-15 20:42:26.454+00',	'2021-03-15 20:42:26.454+00'),
                                                                                                (339,	'+8618501659040',	'6581',	244,	'6581',	'2021-03-16 08:51:04.037+00',	'2021-03-16 08:51:15.754+00'),
                                                                                                (340,	'+8618512147469',	NULL,	NULL,	'0515',	'2021-03-17 07:15:59.289+00',	'2021-03-17 07:15:59.289+00'),
                                                                                                (341,	'+8618512147469',	'0903',	411,	'0903',	'2021-03-17 07:16:43.866+00',	'2021-03-17 07:16:53.877+00'),
                                                                                                (342,	'+79055343312',	'3610',	436,	'3610',	'2021-03-21 07:24:10.593+00',	'2021-03-21 07:24:17.279+00'),
                                                                                                (343,	'+79055343312',	'2143',	436,	'2143',	'2021-03-22 17:20:11.748+00',	'2021-03-22 17:20:20.217+00'),
                                                                                                (344,	'+79397126550',	'6048',	242,	'6048',	'2021-04-03 12:54:35.866+00',	'2021-04-03 12:54:52.061+00'),
                                                                                                (345,	'+79397126550',	'9107',	242,	'9107',	'2021-04-05 12:57:12.313+00',	'2021-04-05 12:57:22.395+00'),
                                                                                                (346,	'+79397126550',	'7098',	242,	'7098',	'2021-04-08 12:30:36.307+00',	'2021-04-08 12:30:50.261+00'),
                                                                                                (347,	'+79397126550',	'5917',	242,	'5917',	'2021-04-09 14:54:45.96+00',	'2021-04-09 14:55:25.157+00'),
                                                                                                (348,	'+79276550798',	'8923',	322,	'8923',	'2021-04-09 15:01:20.282+00',	'2021-04-09 15:01:57.257+00'),
                                                                                                (349,	'+79371769388',	'9382',	295,	'9382',	'2021-04-11 12:07:36.173+00',	'2021-04-11 12:07:46.302+00'),
                                                                                                (350,	'+79055343312',	'3989',	436,	'3989',	'2021-04-12 18:30:51.136+00',	'2021-04-12 18:31:00.243+00'),
                                                                                                (351,	'+79055343312',	'0888',	436,	'0888',	'2021-04-13 05:18:37.164+00',	'2021-04-13 05:18:45.784+00'),
                                                                                                (352,	'+79055343312',	'8308',	436,	'8308',	'2021-04-16 04:16:02.798+00',	'2021-04-16 04:16:09.713+00'),
                                                                                                (353,	'+79397126550',	'7546',	242,	'7546',	'2021-04-19 08:31:41.862+00',	'2021-04-19 08:32:06.568+00'),
                                                                                                (354,	'+79397126550',	'4149',	242,	'4149',	'2021-04-19 08:35:15.668+00',	'2021-04-19 08:35:28.122+00'),
                                                                                                (355,	'+79397126550',	NULL,	NULL,	'5348',	'2021-04-19 09:01:33.759+00',	'2021-04-19 09:01:33.759+00'),
                                                                                                (356,	'+79397126550',	'3166',	242,	'3166',	'2021-04-19 09:01:51.103+00',	'2021-04-19 09:01:57.735+00'),
                                                                                                (357,	'+79397126550',	'0674',	242,	'0674',	'2021-04-23 10:09:39.766+00',	'2021-04-23 10:09:59.105+00'),
                                                                                                (358,	'+79397126550',	'4242',	242,	'4242',	'2021-04-23 10:52:22.408+00',	'2021-04-23 10:52:30.815+00'),
                                                                                                (359,	'+79397126550',	'1558',	242,	'1558',	'2021-04-23 10:57:27.753+00',	'2021-04-23 10:57:37.563+00'),
                                                                                                (360,	'+79397126550',	'5500',	242,	'5500',	'2021-04-24 12:32:21.258+00',	'2021-04-24 12:32:32.107+00'),
                                                                                                (361,	'+79397126550',	'7421',	242,	'7421',	'2021-04-25 06:35:23.601+00',	'2021-04-25 06:35:36.459+00'),
                                                                                                (362,	'+79397126550',	'7041',	242,	'7041',	'2021-04-25 22:25:25.787+00',	'2021-04-25 22:25:46.869+00'),
                                                                                                (363,	'+79397126550',	'6032',	242,	'6032',	'2021-04-27 12:57:33.46+00',	'2021-04-27 12:57:43.166+00'),
                                                                                                (364,	'+79397126550',	'5826',	242,	'5826',	'2021-05-01 09:41:03.693+00',	'2021-05-01 09:41:41.258+00'),
                                                                                                (365,	'+8618501659040',	'2455',	244,	'2455',	'2021-05-14 09:47:56.487+00',	'2021-05-14 09:48:04.346+00'),
                                                                                                (366,	'+8618501659040',	'0571',	244,	'0571',	'2021-05-15 05:41:55.941+00',	'2021-05-15 05:42:06.879+00'),
                                                                                                (367,	'+79397126550',	'9623',	242,	'9623',	'2021-05-15 08:37:53.601+00',	'2021-05-15 08:38:18.014+00'),
                                                                                                (368,	'+79397126550',	'0338',	242,	'0338',	'2021-05-16 23:17:24.638+00',	'2021-05-16 23:17:32.272+00'),
                                                                                                (369,	'+79397126550',	'1816',	242,	'1816',	'2021-07-04 08:30:16.634+00',	'2021-07-04 08:30:30.239+00'),
                                                                                                (370,	'+79267125765',	'8580',	249,	'8580',	'2021-07-26 06:51:34.557+00',	'2021-07-26 06:51:42.972+00'),
                                                                                                (371,	'+79169234368',	'9165',	465,	'9165',	'2021-09-22 08:04:32.799+00',	'2021-09-22 08:04:39.046+00'),
                                                                                                (372,	'+79104442562',	'4106',	241,	'4106',	'2021-09-29 14:55:09.921+00',	'2021-09-29 14:55:23.04+00'),
                                                                                                (373,	'89169234368',	NULL,	NULL,	'3916',	'2021-10-03 14:06:25.823+00',	'2021-10-03 14:06:25.823+00'),
                                                                                                (374,	'+79036732679',	'4039',	467,	'4039',	'2021-10-03 14:09:24.707+00',	'2021-10-03 14:14:11.484+00'),
                                                                                                (375,	'+79036732679',	NULL,	NULL,	'3363',	'2021-10-03 14:22:14.183+00',	'2021-10-03 14:22:14.183+00'),
                                                                                                (376,	'+79036732679',	'1712',	467,	'1712',	'2021-10-03 14:34:30.67+00',	'2021-10-03 14:35:12.67+00'),
                                                                                                (377,	'+79169234368',	NULL,	NULL,	'3023',	'2021-10-03 16:58:39.574+00',	'2021-10-03 16:58:39.574+00'),
                                                                                                (393,	'+79651030298',	'4604',	473,	'4604',	'2021-11-03 19:11:06.914+00',	'2021-11-03 19:11:13.982+00'),
                                                                                                (380,	'+79036732679',	'5634',	467,	'5634',	'2021-10-03 17:00:16.956+00',	'2021-10-03 17:00:23.91+00'),
                                                                                                (381,	'+79219762176',	'3147',	471,	'3147',	'2021-10-10 17:57:16.276+00',	'2021-10-10 17:57:22.414+00'),
                                                                                                (383,	'+79219762176',	'3476',	471,	'3476',	'2021-10-11 19:31:46.148+00',	'2021-10-11 19:31:55.147+00'),
                                                                                                (384,	'+79651030298',	'9369',	473,	'9369',	'2021-10-16 11:24:21.713+00',	'2021-10-16 11:24:30.048+00'),
                                                                                                (385,	'+79859992229',	'4276',	326,	'4276',	'2021-10-18 09:48:30.942+00',	'2021-10-18 09:48:42.183+00'),
                                                                                                (386,	'+79651030298',	'3069',	473,	'3069',	'2021-10-18 18:41:44.149+00',	'2021-10-18 18:41:50.007+00'),
                                                                                                (387,	'+79651030298',	'1837',	473,	'1837',	'2021-10-19 15:52:17.15+00',	'2021-10-19 15:52:22.118+00'),
                                                                                                (388,	'+79651030298',	'5631',	473,	'5631',	'2021-10-19 18:14:37.899+00',	'2021-10-19 18:14:42.217+00'),
                                                                                                (389,	'+79651030298',	'3526',	473,	'3526',	'2021-10-25 20:26:55.216+00',	'2021-10-25 20:27:16.456+00'),
                                                                                                (390,	'+79651030298',	'8299',	473,	'8299',	'2021-10-25 21:03:15.727+00',	'2021-10-25 21:03:24.439+00'),
                                                                                                (391,	'+16693334215',	'2407',	480,	'2407',	'2021-10-26 21:56:12.688+00',	'2021-10-26 21:56:42.583+00'),
                                                                                                (392,	'+79651030298',	'5588',	473,	'5588',	'2021-10-27 20:23:03.687+00',	'2021-10-27 20:23:16.073+00'),
                                                                                                (394,	'+79651030298',	NULL,	NULL,	'3362',	'2021-11-03 19:13:21.371+00',	'2021-11-03 19:13:21.371+00'),
                                                                                                (395,	'+79651030298',	NULL,	NULL,	'0600',	'2021-11-03 19:39:21.474+00',	'2021-11-03 19:39:21.474+00'),
                                                                                                (396,	'+79651030298',	NULL,	NULL,	'2841',	'2021-11-03 19:41:18.546+00',	'2021-11-03 19:41:18.546+00'),
                                                                                                (398,	'+79651030298',	NULL,	NULL,	'5588',	'2021-11-03 19:45:29.765+00',	'2021-11-03 19:45:29.765+00'),
                                                                                                (399,	'+79651030298',	'0935',	473,	'0935',	'2021-11-03 19:45:38.484+00',	'2021-11-03 19:45:43.798+00'),
                                                                                                (400,	'+79651030298',	'7010',	473,	'7010',	'2021-11-03 19:50:31.905+00',	'2021-11-03 19:50:36.86+00'),
                                                                                                (401,	'+79651030298',	'4967',	473,	'4967',	'2021-11-03 19:53:34.851+00',	'2021-11-03 19:53:39.822+00'),
                                                                                                (402,	'+79651030298',	'8297',	473,	'8297',	'2021-11-03 19:55:22.618+00',	'2021-11-03 19:55:27.759+00'),
                                                                                                (403,	'+79651030298',	'7365',	473,	'7365',	'2021-11-03 20:07:41.146+00',	'2021-11-03 20:07:51.181+00'),
                                                                                                (404,	'+79169234368',	'0964',	465,	'0964',	'2021-11-03 20:27:09.241+00',	'2021-11-03 20:27:14.679+00'),
                                                                                                (405,	'+79169234368',	'5876',	465,	'5876',	'2021-11-03 20:31:23.381+00',	'2021-11-03 20:31:28.088+00'),
                                                                                                (406,	'+79651030298',	'0407',	473,	'0407',	'2021-11-03 20:31:48.177+00',	'2021-11-03 20:32:09.309+00'),
                                                                                                (407,	'+79651030298',	'8720',	473,	'8720',	'2021-11-03 20:34:45.581+00',	'2021-11-03 20:35:04.247+00'),
                                                                                                (408,	'+79651030298',	'1265',	473,	'1265',	'2021-11-03 20:41:06.065+00',	'2021-11-03 20:41:16.035+00'),
                                                                                                (409,	'+79651030298',	'1995',	473,	'1995',	'2021-11-03 20:51:27.396+00',	'2021-11-03 20:52:13.297+00'),
                                                                                                (410,	'+79651030298',	'1378',	473,	'1378',	'2021-11-03 20:56:46.412+00',	'2021-11-03 20:56:55.869+00'),
                                                                                                (413,	'+79651030298',	'5821',	473,	'5821',	'2021-11-03 20:58:19.657+00',	'2021-11-03 20:58:26.084+00'),
                                                                                                (414,	'+79651030298',	'9559',	473,	'9559',	'2021-11-03 20:58:38.198+00',	'2021-11-03 20:58:44.635+00'),
                                                                                                (415,	'+79169234368',	'1961',	465,	'1961',	'2021-11-03 21:03:20.128+00',	'2021-11-03 21:03:25.224+00'),
                                                                                                (416,	'+79651030298',	'5567',	473,	'5567',	'2021-11-05 08:59:48.302+00',	'2021-11-05 08:59:52.347+00'),
                                                                                                (417,	'+79651030298',	'0266',	473,	'0266',	'2021-11-05 09:10:44.792+00',	'2021-11-05 09:10:49.597+00'),
                                                                                                (418,	'+79651030298',	'5111',	473,	'5111',	'2021-11-05 09:13:13.055+00',	'2021-11-05 09:13:16.75+00'),
                                                                                                (419,	'+79651030298',	NULL,	NULL,	'5163',	'2021-11-05 17:31:56.803+00',	'2021-11-05 17:31:56.803+00'),
                                                                                                (420,	'+79651030298',	NULL,	NULL,	'9621',	'2021-11-05 18:06:41.193+00',	'2021-11-05 18:06:41.193+00'),
                                                                                                (421,	'+79267125765',	'4329',	249,	'4329',	'2021-11-05 21:08:32.494+00',	'2021-11-05 21:08:41.716+00'),
                                                                                                (422,	'+79651030298',	NULL,	NULL,	'8825',	'2021-11-05 22:44:35.322+00',	'2021-11-05 22:44:35.322+00'),
                                                                                                (423,	'+79262479992',	'8456',	502,	'8456',	'2021-11-06 07:11:49.934+00',	'2021-11-06 07:12:02.017+00'),
                                                                                                (424,	'+79651030298',	NULL,	NULL,	'3460',	'2021-11-10 01:01:04.241+00',	'2021-11-10 01:01:04.241+00'),
                                                                                                (425,	'+79651030298',	'0062',	473,	'0062',	'2021-11-10 13:07:15.926+00',	'2021-11-10 13:07:20.101+00'),
                                                                                                (426,	'+79651030298',	'4817',	473,	'4817',	'2021-11-14 20:10:11.089+00',	'2021-11-14 20:10:18.26+00'),
                                                                                                (427,	'+79651038298',	NULL,	NULL,	'7055',	'2021-11-16 19:12:13.736+00',	'2021-11-16 19:12:13.736+00'),
                                                                                                (428,	'+79651030298',	'1761',	473,	'1761',	'2021-11-16 19:12:20.854+00',	'2021-11-16 19:12:26.508+00'),
                                                                                                (429,	'+79859992229',	'4729',	326,	'4729',	'2021-11-23 13:23:11.085+00',	'2021-11-23 13:23:21.309+00'),
                                                                                                (430,	'+79892907288',	'2900',	507,	'2900',	'2021-11-26 09:25:33.26+00',	'2021-11-26 09:25:40.167+00'),
                                                                                                (431,	'+79892907288',	'7547',	507,	'7547',	'2021-11-26 09:27:28.28+00',	'2021-11-26 09:27:35.762+00'),
                                                                                                (432,	'+79264887363',	'0979',	509,	'0979',	'2021-12-02 13:02:21.577+00',	'2021-12-02 13:02:27.05+00'),
                                                                                                (433,	'+79651030298',	NULL,	NULL,	'1063',	'2021-12-10 17:13:53.658+00',	'2021-12-10 17:13:53.658+00'),
                                                                                                (434,	'+79892907288',	'9259',	507,	'9259',	'2021-12-14 03:32:48.454+00',	'2021-12-14 03:32:58.246+00'),
                                                                                                (435,	'+77071462727',	NULL,	NULL,	'6026',	'2022-01-11 01:30:24.628+00',	'2022-01-11 01:30:24.628+00'),
                                                                                                (436,	'+77071462727',	NULL,	NULL,	'9683',	'2022-01-12 16:54:04.731+00',	'2022-01-12 16:54:04.731+00'),
                                                                                                (437,	'+79892907288',	'5961',	507,	'5961',	'2022-01-23 10:27:25.013+00',	'2022-01-23 10:27:33.455+00'),
                                                                                                (438,	'+79892907288',	'4467',	507,	'4467',	'2022-01-23 11:58:58.345+00',	'2022-01-23 11:59:05.782+00'),
                                                                                                (440,	'+79267125765',	'8720',	249,	'8720',	'2022-02-03 12:49:43.576+00',	'2022-02-03 12:49:50.996+00');

DROP TABLE IF EXISTS "Users";
DROP SEQUENCE IF EXISTS "Users_id_seq";
CREATE SEQUENCE "Users_id_seq" start with 1 INCREMENT by 1 MINVALUE 1  No  MAXVALUE  CACHE 1  ;

CREATE TABLE "public"."Users" (
                                  "id" integer DEFAULT nextval('"Users_id_seq"') NOT NULL,
                                  "name" character varying(32),
                                  "phone" character varying(32) NOT NULL,
                                  "email" character varying(50),
                                  "password" character varying(50),
                                  "handicap" real,
                                  "createdAt" timestamptz NOT NULL,
                                  "updatedAt" timestamptz NOT NULL,
                                  "isAdmin" boolean DEFAULT false NOT NULL,
                                  "isReferee" boolean DEFAULT false NOT NULL,
                                  "isGamer" boolean DEFAULT false NOT NULL,
                                  "isTrainer" boolean DEFAULT false NOT NULL,
                                  "about" text,
                                  "countryId" integer,
                                  "cityId" integer,
                                  "golfRegistryIdRU" character varying(16),
                                  "handicapUpdateAt" date,
                                  "avatar" json,
                                  "lastName" character varying(50),
                                  "homeClubId" integer,
                                  CONSTRAINT "Users_phone_key" UNIQUE ("phone"),
                                  CONSTRAINT "Users_pkey" PRIMARY KEY ("id")
) WITH (oids = false);

INSERT INTO "Users" ("id", "name", "phone", "email", "password", "handicap", "createdAt", "updatedAt", "isAdmin", "isReferee", "isGamer", "isTrainer", "about", "countryId", "cityId", "golfRegistryIdRU", "handicapUpdateAt", "avatar", "lastName", "homeClubId") VALUES
                                                                                                                                                                                                                                                                       (333,	'Mr P',	'+79263829080',	NULL,	NULL,	NULL,	'2020-11-17 14:27:22.059+00',	'2020-12-07 08:10:47.547+00',	'0',	'0',	'0',	'0',	NULL,	NULL,	NULL,	NULL,	NULL,	NULL,	NULL,	NULL),
                                                                                                                                                                                                                                                                       (411,	'Anna',	'+8618512147469',	'Email@my.ru',	NULL,	NULL,	'2020-12-29 04:28:00.195+00',	'2021-03-17 07:16:53.883+00',	'0',	'0',	'1',	'0',	'Boa',	NULL,	NULL,	'',	NULL,	NULL,	NULL,	NULL),
                                                                                                                                                                                                                                                                       (471,	'Vlad',	'+79219762176',	'',	NULL,	NULL,	'2021-10-10 17:57:22.428+00',	'2021-10-25 08:09:52.304+00',	'0',	'0',	'0',	'0',	'',	NULL,	NULL,	'',	NULL,	NULL,	'',	NULL),
                                                                                                                                                                                                                                                                       (381,	'Vyacheslav',	'+79372068344',	NULL,	NULL,	NULL,	'2020-12-04 14:10:06.683+00',	'2020-12-07 11:38:30.166+00',	'0',	'0',	'0',	'0',	NULL,	NULL,	NULL,	NULL,	NULL,	'{"filename":"test.png","url":"/upload/1607341110173.png"}',	NULL,	NULL),
                                                                                                                                                                                                                                                                       (502,	'Marina',	'+79262479992',	NULL,	NULL,	NULL,	'2021-11-06 07:12:02.021+00',	'2021-11-06 07:14:25.006+00',	'0',	'0',	'1',	'0',	NULL,	NULL,	NULL,	NULL,	NULL,	NULL,	'Melia ',	2),
                                                                                                                                                                                                                                                                       (509,	'Максим ',	'+79264887363',	'',	NULL,	NULL,	'2021-12-02 13:02:27.062+00',	'2021-12-02 13:07:58.166+00',	'0',	'0',	'0',	'0',	'',	NULL,	NULL,	NULL,	NULL,	NULL,	NULL,	NULL),
                                                                                                                                                                                                                                                                       (473,	'Apple ',	'+79651030298',	'',	NULL,	20,	'2021-10-16 11:24:30.064+00',	'2021-12-10 17:14:06.466+00',	'0',	'1',	'1',	'1',	'Гольфом начал увлекаться недавно, до этого занимался футболом',	NULL,	NULL,	'',	NULL,	'{"filename":"avatar473","url":"/upload/1636133592067"}',	'Иванов',	9),
                                                                                                                                                                                                                                                                       (255,	'Нина',	'+79276901105',	'skripkin.skripkin@yandex',	NULL,	NULL,	'2020-10-30 11:44:12.923+00',	'2020-12-14 15:33:26.72+00',	'0',	'0',	'0',	'0',	'-',	NULL,	0,	NULL,	NULL,	NULL,	NULL,	NULL),
                                                                                                                                                                                                                                                                       (2,	'Admin',	'+7 (900) 000-00-00',	'admin@admin.com',	'e10adc3949ba59abbe56e057f20f883e',	NULL,	'2020-09-13 23:40:38.417976+00',	'2020-11-25 05:22:40.937+00',	'1',	'0',	'0',	'0',	'Самый главный дядя тут',	3017382,	2988507,	'',	NULL,	NULL,	NULL,	NULL),
                                                                                                                                                                                                                                                                       (242,	'Artem',	'+79397126550',	'skripkin.skripkin2003@yandex.ru',	NULL,	10.8,	'2020-10-26 09:54:56.113+00',	'2021-11-17 04:33:09.912+00',	'0',	'0',	'0',	'1',	'About me. You can write some words about yourself to help other people understand who is you.',	NULL,	NULL,	'RU111111',	'2020-11-12',	'{"filename":"avatar242","url":"/upload/1637123589924"}',	'Скрипкин',	NULL),
                                                                                                                                                                                                                                                                       (465,	'endnikita',	'+79169234368',	'end@gg.com',	NULL,	23,	'2021-09-22 08:04:39.053+00',	'2021-11-08 14:13:10.899+00',	'0',	'1',	'1',	'1',	'Test',	NULL,	NULL,	'1',	NULL,	'{"filename":"avatar465","url":"/upload/1636380790906"}',	'End al',	4),
                                                                                                                                                                                                                                                                       (322,	'Evgeny',	'+79276550798',	'Про',	NULL,	NULL,	'2020-11-14 14:26:07.959+00',	'2021-04-09 15:03:23.634+00',	'0',	'0',	'0',	'0',	'Самара',	NULL,	NULL,	'RU003468',	NULL,	NULL,	NULL,	NULL),
                                                                                                                                                                                                                                                                       (326,	'Марина',	'+79859992229',	'marina_melia@mail.ru',	NULL,	30.5,	'2020-11-14 18:14:13.6+00',	'2021-11-23 13:23:21.313+00',	'0',	'0',	'1',	'0',	'Golf fox 🦊',	NULL,	NULL,	'',	NULL,	'{"filename":"avatar326","url":"/upload/1635661139890"}',	'Мелия',	NULL),
                                                                                                                                                                                                                                                                       (8,	'Марина Мелия',	'79859992229',	'marina_melia@mail.ru',	NULL,	28.4,	'2020-09-20 14:56:08.235+00',	'2020-11-16 00:00:00.486+00',	'0',	'0',	'1',	'0',	NULL,	NULL,	NULL,	'RU003468',	'2020-11-16',	NULL,	NULL,	NULL),
                                                                                                                                                                                                                                                                       (6,	'Маша Иванова',	'+7 (800) 555-55-55',	'masha@ivanova.com',	NULL,	34.7,	'2020-09-14 16:02:26.698+00',	'2020-11-16 00:01:00.415+00',	'0',	'0',	'1',	'0',	NULL,	2017370,	524901,	'RU005250',	'2020-11-16',	NULL,	NULL,	NULL),
                                                                                                                                                                                                                                                                       (7,	'Mabel Hansen',	'+38 (824) 555-55-55',	'mabel@hansen.info',	'e10adc3949ba59abbe56e057f20f883e',	NULL,	'2020-09-14 16:04:22.244+00',	'2020-12-01 13:04:15.826+00',	'0',	'1',	'0',	'0',	NULL,	3017382,	2988507,	NULL,	NULL,	'{"filename":"im.png","url":"/upload/1606827855834.png"}',	NULL,	NULL),
                                                                                                                                                                                                                                                                       (462,	'Менеджер 1',	'+70000000000',	'manager@213.159.209.245',	'1c2237d986721ffbd2d218e3dc26d6cf',	NULL,	'2021-06-28 20:02:30.756+00',	'2021-06-28 20:02:30.756+00',	'1',	'0',	'0',	'0',	NULL,	2017370,	524901,	NULL,	NULL,	NULL,	NULL,	NULL),
                                                                                                                                                                                                                                                                       (295,	'Elena',	'+79371769388',	'SomeEmail@email.com',	NULL,	12.8,	'2020-11-08 14:11:50.238+00',	'2021-04-11 12:07:50.117+00',	'0',	'0',	'0',	'0',	'About me text',	NULL,	NULL,	'',	'2020-11-12',	NULL,	NULL,	NULL),
                                                                                                                                                                                                                                                                       (507,	'Александр',	'+79892907288',	'sashaux@sashaux.ru',	NULL,	54,	'2021-11-26 09:25:40.181+00',	'2022-01-23 11:59:19.487+00',	'0',	'0',	'0',	'0',	'',	NULL,	NULL,	NULL,	NULL,	'{"filename":"avatar507","url":"/upload/1642354173436"}',	'Савченко',	NULL),
                                                                                                                                                                                                                                                                       (245,	'JD',	'+79268499316',	'',	NULL,	NULL,	'2020-10-28 22:35:34.582+00',	'2020-11-18 13:42:45.388+00',	'0',	'0',	'0',	'0',	'',	NULL,	NULL,	NULL,	NULL,	NULL,	NULL,	NULL),
                                                                                                                                                                                                                                                                       (249,	'Art',	'+79267125765',	'KalininArtemVal@gmail.com',	NULL,	NULL,	'2020-10-29 12:48:03.925+00',	'2022-02-03 12:49:58.833+00',	'0',	'0',	'1',	'0',	'Люблю маффины',	2017370,	524901,	'RU12.33',	NULL,	NULL,	'',	NULL),
                                                                                                                                                                                                                                                                       (9,	'Алексей Михайлов',	'+79218430083',	'aleksey.mikhaylov@gmail.com',	NULL,	NULL,	'2020-09-25 00:46:07.196+00',	'2020-12-29 08:35:40.058+00',	'0',	'0',	'1',	'0',	NULL,	NULL,	NULL,	NULL,	NULL,	NULL,	NULL,	NULL),
                                                                                                                                                                                                                                                                       (244,	'Michael',	'+8618501659040',	'miromanovsky@gmail.com',	NULL,	34.9,	'2020-10-26 10:35:25.419+00',	'2021-05-17 16:53:53.824+00',	'0',	'0',	'0',	'0',	'Обо мне',	2017370,	524901,	'RU005250',	'2021-03-18',	'{"url":"/upload/1607847642021.png","filename":"try.png"}',	'МихоМзи',	NULL),
                                                                                                                                                                                                                                                                       (241,	'Alex',	'+79104442562',	NULL,	NULL,	NULL,	'2020-09-30 14:48:17.054+00',	'2021-09-29 14:55:29.072+00',	'0',	'0',	'0',	'0',	NULL,	NULL,	NULL,	NULL,	NULL,	NULL,	NULL,	NULL),
                                                                                                                                                                                                                                                                       (5,	'John Smith',	'+7 (921) 555-55-55',	'john@smith.com',	'e10adc3949ba59abbe56e057f20f883e',	12.8,	'2020-09-14 15:50:14.455+00',	'2020-11-14 09:30:00.447+00',	'0',	'0',	'1',	'1',	NULL,	2017370,	524901,	'RU000871',	'2020-11-14',	NULL,	NULL,	NULL),
                                                                                                                                                                                                                                                                       (480,	'John',	'+16693334215',	NULL,	NULL,	NULL,	'2021-10-26 21:56:42.593+00',	'2021-10-26 21:57:02.527+00',	'0',	'0',	'0',	'0',	NULL,	NULL,	NULL,	NULL,	NULL,	NULL,	NULL,	NULL),
                                                                                                                                                                                                                                                                       (467,	'Knnik',	'+79036732679',	'endnikita@gmail.com',	NULL,	11,	'2021-10-03 14:14:11.5+00',	'2021-11-02 16:23:49.189+00',	'1',	'1',	'1',	'1',	'просто тестовый пользователь, но все равно классный',	2017370,	524894,	'12',	NULL,	'{"filename":"avatar467","url":"/upload/1635870229198"}',	'Endаапр',	NULL),
                                                                                                                                                                                                                                                                       (325,	'Dasha',	'+79163107186',	'4daria@mail.ru',	NULL,	NULL,	'2020-11-14 17:11:27.005+00',	'2021-10-03 16:41:00.444+00',	'0',	'0',	'1',	'0',	'Приветпри ',	NULL,	NULL,	'',	NULL,	'{"url":"/upload/1621183696887","filename":"avatar325"}',	'',	NULL),
                                                                                                                                                                                                                                                                       (436,	'Вячеслав ',	'+79055343312',	'',	NULL,	NULL,	'2021-03-21 07:24:17.285+00',	'2021-10-26 08:35:31.684+00',	'0',	'0',	'0',	'0',	'',	NULL,	NULL,	'',	NULL,	'{"filename":"avatar436","url":"/upload/1635237331691"}',	'',	NULL);

DROP TABLE IF EXISTS "sequelize_data";
CREATE TABLE "public"."sequelize_data" (
                                           "name" character varying(255) NOT NULL,
                                           CONSTRAINT "sequelize_data_pkey" PRIMARY KEY ("name")
) WITH (oids = false);


DROP TABLE IF EXISTS "session";
CREATE TABLE "public"."session" (
                                    "sid" character varying NOT NULL,
                                    "sess" json NOT NULL,
                                    "expire" timestamp(6) NOT NULL,
                                    CONSTRAINT "session_pkey" PRIMARY KEY ("sid")
) WITH (oids = false);

CREATE INDEX "IDX_session_expire" ON "public"."session" USING btree ("expire");

INSERT INTO "session" ("sid", "sess", "expire") VALUES
                                                    ('4rbt-UaKF5QbMa7WOCkrkEbxlPU6RO3J',	'{"cookie":{"originalMaxAge":null,"expires":null,"httpOnly":true,"path":"/"}}',	'2022-02-26 22:11:17'),
                                                    ('RL5-5AWmWb5Cjro9PwN2FwxiH7R1k9yB',	'{"cookie":{"originalMaxAge":null,"expires":null,"httpOnly":true,"path":"/"}}',	'2022-02-26 22:11:23'),
                                                    ('Nas3riIMY0wBC2itJHJftzt8yiiBK0xH',	'{"cookie":{"originalMaxAge":null,"expires":null,"httpOnly":true,"path":"/"}}',	'2022-02-26 22:11:25'),
                                                    ('aLOa1gl-yIZs0lO_Pgaj_HIciGc6Rrxl',	'{"cookie":{"originalMaxAge":null,"expires":null,"httpOnly":true,"path":"/"}}',	'2022-02-26 22:11:27'),
                                                    ('wsgXzC-CeTvI-x1apBWLoT_aGHYzLPfs',	'{"cookie":{"originalMaxAge":null,"expires":null,"httpOnly":true,"path":"/"}}',	'2022-02-26 22:11:30'),
                                                    ('J3UDzImKQnyv5R5pJN0AjmunNHP6_Mlw',	'{"cookie":{"originalMaxAge":null,"expires":null,"httpOnly":true,"path":"/"}}',	'2022-02-26 22:11:35');

ALTER TABLE ONLY "public"."ChampionshipMembers" ADD CONSTRAINT "ChampionshipMembers_gameId_fkey" FOREIGN KEY ("championshipId") REFERENCES "Championships"(id) ON UPDATE CASCADE ON DELETE SET NULL NOT DEFERRABLE;
ALTER TABLE ONLY "public"."ChampionshipMembers" ADD CONSTRAINT "ChampionshipMembers_userId_fkey" FOREIGN KEY ("userId") REFERENCES "Users"(id) ON UPDATE CASCADE NOT DEFERRABLE;

ALTER TABLE ONLY "public"."Championships" ADD CONSTRAINT "Championships_clubId_fkey" FOREIGN KEY ("clubId") REFERENCES "Clubs"(id) ON UPDATE CASCADE NOT DEFERRABLE;
ALTER TABLE ONLY "public"."Championships" ADD CONSTRAINT "Championships_userId_fkey" FOREIGN KEY ("userId") REFERENCES "Users"(id) ON UPDATE CASCADE NOT DEFERRABLE;

ALTER TABLE ONLY "public"."ChatMessageRead" ADD CONSTRAINT "ChatMessageRead_chatMessageId_fkey" FOREIGN KEY ("chatMessageId") REFERENCES "ChatMessages"(id) ON UPDATE CASCADE ON DELETE CASCADE NOT DEFERRABLE;
ALTER TABLE ONLY "public"."ChatMessageRead" ADD CONSTRAINT "ChatMessageRead_userId_fkey" FOREIGN KEY ("userId") REFERENCES "Users"(id) ON UPDATE CASCADE ON DELETE CASCADE NOT DEFERRABLE;

ALTER TABLE ONLY "public"."ChatMessages" ADD CONSTRAINT "ChatMessages_chatId_fkey" FOREIGN KEY ("chatId") REFERENCES "Chats"(id) ON UPDATE CASCADE ON DELETE CASCADE NOT DEFERRABLE;
ALTER TABLE ONLY "public"."ChatMessages" ADD CONSTRAINT "ChatMessages_userId_fkey" FOREIGN KEY ("userId") REFERENCES "Users"(id) ON UPDATE CASCADE ON DELETE CASCADE NOT DEFERRABLE;

ALTER TABLE ONLY "public"."ChatUsers" ADD CONSTRAINT "ChatUsers_chatId_fkey" FOREIGN KEY ("chatId") REFERENCES "Chats"(id) ON UPDATE CASCADE ON DELETE CASCADE NOT DEFERRABLE;
ALTER TABLE ONLY "public"."ChatUsers" ADD CONSTRAINT "ChatUsers_userId_fkey" FOREIGN KEY ("userId") REFERENCES "Users"(id) ON UPDATE CASCADE ON DELETE CASCADE NOT DEFERRABLE;

ALTER TABLE ONLY "public"."Chats" ADD CONSTRAINT "Chats_userId_fkey" FOREIGN KEY ("userId") REFERENCES "Users"(id) ON UPDATE CASCADE ON DELETE CASCADE NOT DEFERRABLE;

ALTER TABLE ONLY "public"."ClubLikes" ADD CONSTRAINT "ClubLikes_clubId_fkey" FOREIGN KEY ("clubId") REFERENCES "Clubs"(id) ON UPDATE CASCADE ON DELETE CASCADE NOT DEFERRABLE;
ALTER TABLE ONLY "public"."ClubLikes" ADD CONSTRAINT "ClubLikes_userId_fkey" FOREIGN KEY ("userId") REFERENCES "Users"(id) ON UPDATE CASCADE ON DELETE CASCADE NOT DEFERRABLE;

ALTER TABLE ONLY "public"."Clubs" ADD CONSTRAINT "clubs_cityId_fkey" FOREIGN KEY ("cityId") REFERENCES "Cities"(id) ON UPDATE CASCADE ON DELETE SET NULL NOT DEFERRABLE;
ALTER TABLE ONLY "public"."Clubs" ADD CONSTRAINT "clubs_countryId_fkey" FOREIGN KEY ("countryId") REFERENCES "Countries"(id) ON UPDATE CASCADE ON DELETE SET NULL NOT DEFERRABLE;

ALTER TABLE ONLY "public"."Devices" ADD CONSTRAINT "Devices_userId_fkey" FOREIGN KEY ("userId") REFERENCES "Users"(id) ON UPDATE CASCADE ON DELETE CASCADE NOT DEFERRABLE;

ALTER TABLE ONLY "public"."GameMembers" ADD CONSTRAINT "GameMembers_gameId_fkey" FOREIGN KEY ("gameId") REFERENCES "Games"(id) ON UPDATE CASCADE ON DELETE CASCADE NOT DEFERRABLE;
ALTER TABLE ONLY "public"."GameMembers" ADD CONSTRAINT "GameMembers_userId_fkey" FOREIGN KEY ("userId") REFERENCES "Users"(id) ON UPDATE CASCADE ON DELETE CASCADE NOT DEFERRABLE;

ALTER TABLE ONLY "public"."Games" ADD CONSTRAINT "Games_clubId_fkey" FOREIGN KEY ("clubId") REFERENCES "Clubs"(id) ON UPDATE CASCADE ON DELETE CASCADE NOT DEFERRABLE;
ALTER TABLE ONLY "public"."Games" ADD CONSTRAINT "Games_userId_fkey" FOREIGN KEY ("userId") REFERENCES "Users"(id) ON UPDATE CASCADE NOT DEFERRABLE;

ALTER TABLE ONLY "public"."Images" ADD CONSTRAINT "Images_clubId_fkey" FOREIGN KEY ("clubId") REFERENCES "Clubs"(id) ON UPDATE CASCADE ON DELETE SET NULL NOT DEFERRABLE;
ALTER TABLE ONLY "public"."Images" ADD CONSTRAINT "Images_userId_fkey" FOREIGN KEY ("userId") REFERENCES "Users"(id) ON UPDATE CASCADE ON DELETE SET NULL NOT DEFERRABLE;

ALTER TABLE ONLY "public"."Members" ADD CONSTRAINT "Members_clubId_fkey" FOREIGN KEY ("clubId") REFERENCES "Clubs"(id) ON UPDATE CASCADE ON DELETE CASCADE NOT DEFERRABLE;
ALTER TABLE ONLY "public"."Members" ADD CONSTRAINT "Members_userId_fkey" FOREIGN KEY ("userId") REFERENCES "Users"(id) ON UPDATE CASCADE ON DELETE CASCADE NOT DEFERRABLE;

ALTER TABLE ONLY "public"."Reviews" ADD CONSTRAINT "Reviews_clubId_fkey" FOREIGN KEY ("clubId") REFERENCES "Clubs"(id) ON UPDATE CASCADE ON DELETE SET NULL NOT DEFERRABLE;

ALTER TABLE ONLY "public"."Sms" ADD CONSTRAINT "Sms_userId_fkey" FOREIGN KEY ("userId") REFERENCES "Users"(id) ON UPDATE CASCADE NOT DEFERRABLE;

ALTER TABLE ONLY "public"."Users" ADD CONSTRAINT "Users_homeClubId_fkey" FOREIGN KEY ("homeClubId") REFERENCES "Clubs"(id) ON UPDATE CASCADE ON DELETE SET NULL NOT DEFERRABLE;

-- 2022-02-26 20:19:40.591468+00